-- phpMyAdmin SQL Dump
-- version 4.8.3
-- https://www.phpmyadmin.net/
--
-- Хост: 127.0.0.1
-- Время создания: Окт 05 2018 г., 06:15
-- Версия сервера: 10.1.36-MariaDB
-- Версия PHP: 7.2.10

SET SQL_MODE = "NO_AUTO_VALUE_ON_ZERO";
SET AUTOCOMMIT = 0;
START TRANSACTION;
SET time_zone = "+00:00";


/*!40101 SET @OLD_CHARACTER_SET_CLIENT=@@CHARACTER_SET_CLIENT */;
/*!40101 SET @OLD_CHARACTER_SET_RESULTS=@@CHARACTER_SET_RESULTS */;
/*!40101 SET @OLD_COLLATION_CONNECTION=@@COLLATION_CONNECTION */;
/*!40101 SET NAMES utf8mb4 */;

--
-- База данных: `catalog`
--

-- --------------------------------------------------------

--
-- Структура таблицы `catalog`
--

CREATE TABLE `catalog` (
  `id` int(10) UNSIGNED NOT NULL,
  `name` varchar(255) COLLATE utf8_unicode_ci NOT NULL,
  `description` text COLLATE utf8_unicode_ci,
  `keywords` text COLLATE utf8_unicode_ci,
  `image` varchar(255) COLLATE utf8_unicode_ci DEFAULT NULL,
  `parent_id` int(11) NOT NULL DEFAULT '0',
  `created_at` timestamp NULL DEFAULT NULL,
  `updated_at` timestamp NULL DEFAULT NULL
) ENGINE=InnoDB DEFAULT CHARSET=utf8 COLLATE=utf8_unicode_ci;

--
-- Дамп данных таблицы `catalog`
--

INSERT INTO `catalog` (`id`, `name`, `description`, `keywords`, `image`, `parent_id`, `created_at`, `updated_at`) VALUES
(1, 'Автосервис', NULL, NULL, NULL, 0, '2018-10-05 00:56:08', '2018-10-05 00:56:08'),
(2, 'Автотовары', NULL, NULL, NULL, 1, '2018-10-05 00:56:08', '2018-10-05 00:56:08'),
(3, 'Досуг', NULL, NULL, NULL, 0, '2018-10-05 00:56:57', '2018-10-05 00:56:57'),
(4, 'Развлечения', NULL, NULL, NULL, 3, '2018-10-05 00:56:58', '2018-10-05 00:56:58'),
(5, 'Общественное питание', NULL, NULL, NULL, 4, '2018-10-05 00:57:05', '2018-10-05 00:57:05'),
(6, 'Интернет', NULL, NULL, NULL, 0, '2018-10-05 00:57:17', '2018-10-05 00:57:17'),
(7, 'Связь', NULL, NULL, NULL, 6, '2018-10-05 00:57:19', '2018-10-05 00:57:19'),
(8, 'Информационные технологии', NULL, NULL, NULL, 7, '2018-10-05 00:57:20', '2018-10-05 00:57:20'),
(9, 'Коммунальные', NULL, NULL, NULL, 0, '2018-10-05 00:57:53', '2018-10-05 00:57:53'),
(10, 'бытовые', NULL, NULL, NULL, 9, '2018-10-05 00:57:53', '2018-10-05 00:57:53'),
(11, 'Компьютеры', NULL, NULL, NULL, 0, '2018-10-05 00:58:11', '2018-10-05 00:58:11'),
(12, 'Бытовая техника', NULL, NULL, NULL, 11, '2018-10-05 00:58:13', '2018-10-05 00:58:13'),
(13, 'Культура', NULL, NULL, NULL, 0, '2018-10-05 00:58:16', '2018-10-05 00:58:16'),
(14, 'Искусство', NULL, NULL, NULL, 13, '2018-10-05 00:58:19', '2018-10-05 00:58:19'),
(15, 'Религия', NULL, NULL, NULL, 14, '2018-10-05 00:58:22', '2018-10-05 00:58:22'),
(16, 'Мебель', NULL, NULL, NULL, 0, '2018-10-05 00:58:23', '2018-10-05 00:58:23'),
(17, 'Материалы', NULL, NULL, NULL, 16, '2018-10-05 00:58:24', '2018-10-05 00:58:24'),
(18, 'Фурнитура', NULL, NULL, NULL, 17, '2018-10-05 00:58:24', '2018-10-05 00:58:24'),
(19, 'Медицина', NULL, NULL, NULL, 0, '2018-10-05 00:58:34', '2018-10-05 00:58:34'),
(20, 'Здоровье', NULL, NULL, NULL, 19, '2018-10-05 00:58:58', '2018-10-05 00:58:58'),
(21, 'Красота', NULL, NULL, NULL, 20, '2018-10-05 00:59:00', '2018-10-05 00:59:00'),
(22, 'Металлы', NULL, NULL, NULL, 0, '2018-10-05 00:59:13', '2018-10-05 00:59:13'),
(23, 'Топливо', NULL, NULL, NULL, 22, '2018-10-05 00:59:17', '2018-10-05 00:59:17'),
(24, 'Химия', NULL, NULL, NULL, 23, '2018-10-05 00:59:38', '2018-10-05 00:59:38'),
(25, 'Оборудование', NULL, NULL, NULL, 0, '2018-10-05 00:59:41', '2018-10-05 00:59:41'),
(26, 'Инструмент', NULL, NULL, NULL, 25, '2018-10-05 00:59:42', '2018-10-05 00:59:42'),
(27, 'Образование', NULL, NULL, NULL, 0, '2018-10-05 01:00:14', '2018-10-05 01:00:14'),
(28, 'Работа', NULL, NULL, NULL, 27, '2018-10-05 01:00:31', '2018-10-05 01:00:31'),
(29, 'Карьера', NULL, NULL, NULL, 28, '2018-10-05 01:00:33', '2018-10-05 01:00:33'),
(30, 'Одежда', NULL, NULL, NULL, 0, '2018-10-05 01:01:24', '2018-10-05 01:01:24'),
(31, 'Обувь', NULL, NULL, NULL, 30, '2018-10-05 01:01:27', '2018-10-05 01:01:27'),
(32, 'Охрана', NULL, NULL, NULL, 0, '2018-10-05 01:01:34', '2018-10-05 01:01:34'),
(33, 'Безопасность', NULL, NULL, NULL, 32, '2018-10-05 01:01:34', '2018-10-05 01:01:34'),
(34, 'Продукты питания', NULL, NULL, NULL, 0, '2018-10-05 01:01:40', '2018-10-05 01:01:40'),
(35, 'Напитки', NULL, NULL, NULL, 34, '2018-10-05 01:01:40', '2018-10-05 01:01:40'),
(36, 'Реклама', NULL, NULL, NULL, 0, '2018-10-05 01:01:44', '2018-10-05 01:01:44'),
(37, 'Полиграфия', NULL, NULL, NULL, 36, '2018-10-05 01:01:55', '2018-10-05 01:01:55'),
(38, 'СМИ', NULL, NULL, NULL, 37, '2018-10-05 01:01:56', '2018-10-05 01:01:56'),
(39, 'Спорт', NULL, NULL, NULL, 0, '2018-10-05 01:08:12', '2018-10-05 01:08:12'),
(40, 'Отдых', NULL, NULL, NULL, 39, '2018-10-05 01:08:13', '2018-10-05 01:08:13'),
(41, 'Туризм', NULL, NULL, NULL, 40, '2018-10-05 01:08:13', '2018-10-05 01:08:13'),
(42, 'Строительные', NULL, NULL, NULL, 0, '2018-10-05 01:08:48', '2018-10-05 01:08:48'),
(43, 'отделочные материалы', NULL, NULL, NULL, 42, '2018-10-05 01:08:52', '2018-10-05 01:08:52'),
(44, 'Строительство', NULL, NULL, NULL, 0, '2018-10-05 01:10:58', '2018-10-05 01:10:58'),
(45, 'Недвижимость', NULL, NULL, NULL, 44, '2018-10-05 01:10:58', '2018-10-05 01:10:58'),
(46, 'Ремонт', NULL, NULL, NULL, 45, '2018-10-05 01:11:03', '2018-10-05 01:11:03'),
(47, 'Текстиль', NULL, NULL, NULL, 0, '2018-10-05 01:11:47', '2018-10-05 01:11:47'),
(48, 'Торговые комплексы', NULL, NULL, NULL, 0, '2018-10-05 01:12:00', '2018-10-05 01:12:00'),
(49, 'Спецмагазины', NULL, NULL, NULL, 48, '2018-10-05 01:12:01', '2018-10-05 01:12:01'),
(50, 'Транспорт', NULL, NULL, NULL, 0, '2018-10-05 01:12:10', '2018-10-05 01:12:10'),
(51, 'Грузоперевозки', NULL, NULL, NULL, 50, '2018-10-05 01:12:11', '2018-10-05 01:12:11'),
(52, 'Хозтовары', NULL, NULL, NULL, 0, '2018-10-05 01:12:33', '2018-10-05 01:12:33'),
(53, 'Электроника', NULL, NULL, NULL, 0, '2018-10-05 01:12:34', '2018-10-05 01:12:34'),
(54, 'Электротехника', NULL, NULL, NULL, 53, '2018-10-05 01:12:37', '2018-10-05 01:12:37'),
(55, 'Юридические', NULL, NULL, NULL, 0, '2018-10-05 01:12:41', '2018-10-05 01:12:41'),
(56, 'финансовые', NULL, NULL, NULL, 55, '2018-10-05 01:12:41', '2018-10-05 01:12:41'),
(57, 'бизнес-услуги', NULL, NULL, NULL, 56, '2018-10-05 01:12:43', '2018-10-05 01:12:43');

-- --------------------------------------------------------

--
-- Структура таблицы `links`
--

CREATE TABLE `links` (
  `id` int(10) UNSIGNED NOT NULL,
  `name` varchar(255) COLLATE utf8_unicode_ci NOT NULL,
  `url` varchar(255) COLLATE utf8_unicode_ci DEFAULT NULL,
  `email` varchar(255) COLLATE utf8_unicode_ci DEFAULT NULL,
  `reciprocal_link` varchar(255) COLLATE utf8_unicode_ci DEFAULT NULL,
  `description` text COLLATE utf8_unicode_ci NOT NULL,
  `keywords` text COLLATE utf8_unicode_ci,
  `full_description` text COLLATE utf8_unicode_ci NOT NULL,
  `htmlcode_banner` text COLLATE utf8_unicode_ci,
  `catalog_id` int(11) NOT NULL,
  `status` varchar(10) COLLATE utf8_unicode_ci NOT NULL,
  `token` varchar(50) COLLATE utf8_unicode_ci NOT NULL,
  `check_link` tinyint(1) NOT NULL DEFAULT '0',
  `views` int(11) NOT NULL DEFAULT '0',
  `comment` text COLLATE utf8_unicode_ci,
  `time_check` datetime DEFAULT '0000-00-00 00:00:00',
  `number_check` int(11) NOT NULL DEFAULT '0',
  `created_at` timestamp NULL DEFAULT NULL,
  `updated_at` timestamp NULL DEFAULT NULL
) ENGINE=InnoDB DEFAULT CHARSET=utf8 COLLATE=utf8_unicode_ci;

--
-- Дамп данных таблицы `links`
--

INSERT INTO `links` (`id`, `name`, `url`, `email`, `reciprocal_link`, `description`, `keywords`, `full_description`, `htmlcode_banner`, `catalog_id`, `status`, `token`, `check_link`, `views`, `comment`, `time_check`, `number_check`, `created_at`, `updated_at`) VALUES
(1, 'Кузов, магазин', 'europroject.ru', 'a_kuzov@bk.ru', NULL, '', 'Европроект Групп, авторемонт, промышленная окраска, абразивная обработка, ЭКСКЛЮЗИВНОСТЬ, КОМПЛЕКСНОСТЬ, ДОСТУПНОСТЬ, европроект', 'Направление компании Европроект Групп – это авторемонт, промышленная окраска, абразивная обработка, а так же ЭКСКЛЮЗИВНОСТЬ, КОМПЛЕКСНОСТЬ, ДОСТУПНОСТЬ.', NULL, 3, '1', '801be56b85c709418a3641e63076406d', 0, 0, NULL, '2018-10-05 03:56:08', 0, '2018-10-05 00:56:08', '2018-10-05 00:56:08'),
(2, 'КиК, фирменный магазин', 'kolesa-kik.ru', 'abakan.kik@mail.ru', NULL, '', 'Колеса, колесные диски, производство колесных дисков, продажа колесных дисков, производство колес, продажа колес, диски официальный сайт, колеса КиК, колеса K&K,', 'ООО &quot;КиК&quot; крупнейший производитель колес в России. Колесные диски  K&K  - это новые технологии производства и высоки стандарты качества.  На нашем официальном сайте Вы найдете не только информацию о ценах и размерах дисков, но и полезные советы.  Интересы компании далеко не ограничиваются производством и продажей колес. Поэтому здесь представлена информация о партнерских программах компании КиК, инновационных исследованиях и экологических аспектах. Продажа колес K&K осуществляется по всей России. Наши представители есть в Москве, СПб, Екатеринбурге, Уфе, Челябинске, Казани, Самаре, Краснодаре и многих других городах. Колесные диски K&K – безопасность, созданная в России.', NULL, 3, '1', '195f7ebd62c1ae0a02005036b604ea7f', 0, 0, NULL, '2018-10-05 03:56:08', 0, '2018-10-05 00:56:08', '2018-10-05 00:56:08'),
(3, '1001 запчасть, интернет-магазин', '1001z.ru', 'abakan@1001z.ru', NULL, 'Интернет магазин автозапчастей', 'Интернет магазин автозапчастей Оригинальные каталоги Общий каталог запчасти Аналоги Неоригинал Каталог расходников для ТО Шины Диски Колпаки Каталог масел Каталог автоаксессуаров Каталог аккумуляторов Автолампы', 'Автозапчасти для иномарок в интернет магазине 1001 Запчасть можно купить используя каталог запчастей или воспользовавшись поиском по наименованию. Оригинальные запчасти и качественные аналоги в наличии и под заказ. Доставка.', NULL, 2, '1', '37f724395b8d3c2587b3be41be624040', 0, 0, NULL, '2018-10-05 03:56:11', 0, '2018-10-05 00:56:11', '2018-10-05 00:56:11'),
(4, 'Енисей-М, ООО, торгово-транспортная компания', 'enisey-m.ru', 'abakan@enisey-m.ru', NULL, '', 'спецтехника в Красноярске, спецтехника Абакан, спецтехника Иркутск, экскаваторы, погрузчики, катки, продажа спецтехники, аренда спецтехники', 'ООО Енисей-М - официальный представитель Bobcat, Komatsu, Hyundai, Elaz, Delta, Impulse в Красноярском крае, Иркутске, Хакасии. Продажа, аренда, сервисное обслуживание и ремонт спецтехники.', NULL, 2, '1', 'a056d66a7bc31a61b0006b393ac3daa7', 0, 0, NULL, '2018-10-05 03:56:12', 0, '2018-10-05 00:56:12', '2018-10-05 00:56:12'),
(5, 'Exist, интернет-магазин автотоваров', 'exist.ru', 'abakan@exist.ru', NULL, '', 'запчасти для иномарок, автомагазин, запчасти на автомобили, интернет магазин автозапчастей, автозапчасти иномарки, авто магазин, интернет магазин запчастей, продажа автозапчастей', 'Интернет-магазин Exist.ru - крупнейший в России портал по продаже автозапчастей для иномарок. Все автозапчасти поставляются от производителей и официальных дилеров', NULL, 2, '1', '12db983ff9e2131df9b2ed8f05366d29', 0, 0, NULL, '2018-10-05 03:56:12', 0, '2018-10-05 00:56:12', '2018-10-05 00:56:12'),
(6, 'Колористика, ООО, магазин материалов и оборудования для кузовного ремонта', 'koloristika.org', 'abakan@koloristika.org', NULL, '', 'купить краскопульт в Красноярске, купить автохимию в красноярске, купить оборудование кузовного ремонта в Красноярске', 'Официальный представитель мировых брендов оборудования для кузовного ремонта в Красноярске. В нашем магазине вы сможете купить: системы подбора автоэмали, лакокрасочные материалы, абразивные материалы, автохимию, краскопульты, шлифовальные машины', NULL, 2, '1', '54d7ffd7fb1a22aedae9beb2e859cd94', 0, 0, NULL, '2018-10-05 03:56:19', 0, '2018-10-05 00:56:19', '2018-10-05 00:56:19'),
(7, 'Запчасти и Цены, интернет-магазин автозапчастей', 'parts-price.ru', 'abakan@parts-price.ru', NULL, 'Запчасти и Цены - Автозапчасти для иномарок', 'запчасти для иномарок магазин запчастей для иномарок запчасти для Пассат Тигуан Туарег интернет магазин запчастей для иномарок продажа запчастей для иномарок запчасти для иномарок оптом запчасти для иномарок в Москве куплю запчасти для иномарок купить запчасти для иномарок кузовные запчасти для иномарок авто запчасти иномарки каталоги запчастей для иномарок цены на запчасти для иномарок запчасти для иномарок на заказ склад запчастей для иномарок запчасти для японских иномарок запчасти для иномар...', 'автозапчасти дмитровка автозапчасти свао автозапчасти сао автозапчасти дмитровское шоссе Запчасти и Цены осуществляет продажу автозапчастей для иномарок в Москве (СВАО, САО, Дмитровка и Дмитровское шоссе) и осуществляет доставку во все регионы России. У нас вы сможете купить автозапчасти для иномарок из Европы, США, Кореи и Японии по лучшим ценам. Наличие запчастей для Туарег, Пассат, Тигуан', NULL, 2, '1', 'f95298d734eeaaae34b45e27357e92cd', 0, 0, NULL, '2018-10-05 03:56:22', 0, '2018-10-05 00:56:22', '2018-10-05 00:56:22'),
(8, 'Альянс РАУМ г. Абакан, официальный дилер', 'www.raum.pro', 'abakan@raum.pro', NULL, '', '', 'Погрузчик Hyster (Хайстер) Красноярск,Погрузчик Mitsubishi (митсубиси),Погрузчик Toyota (тойота) Красноярск,Погрузчик в Красноярске,штабелеры Красноярск,цепи противоскольжения Красноярск', NULL, 2, '1', 'a02729744bc515eee00204dcd63480f0', 0, 0, NULL, '2018-10-05 03:56:22', 0, '2018-10-05 00:56:22', '2018-10-05 00:56:22'),
(9, 'СинтезОйл, ООО, производственно-коммерческая фирма', 'www.sintezoil.ru', 'abakan@sintezoil.ru', NULL, '', 'Синтезойл, Лукойл, Lukoil, Teboil, Тебойл, Diamond, Gold, sae, api, 5w-40, 5w-30, 0w-40, 0w-30, 15w-40, Финляндия, гидравлика, трансмиссия, масло, масла, автомасла, Красноярск, смазки, смазка, Cummins, Catterpillar, Komatsu, Bobcat, Bomag, Samsung, Hyundai', 'Масла и смазки Лукойл и Teboil в Красноярском крае, Хакасии, Тыве, Магаданской области', NULL, 2, '1', '5f07831536e170a0254e9bc7ab366e85', 0, 0, NULL, '2018-10-05 03:56:23', 0, '2018-10-05 00:56:23', '2018-10-05 00:56:23'),
(10, 'АМПС, группа компаний, официальный дилер SHANTUI, SHACMAN', 'www.amps.su', 'abakan1@amps.su', NULL, '', 'спецтехника, бульдозеры, самосвалы, погрузчики, вилочные погрузчики, катки', 'ГК АМПС занимается продажей и сервисным обслуживанием специальной и дорожной техники', NULL, 2, '1', '543f4c2497818167b7abcc5a23c39654', 0, 0, NULL, '2018-10-05 03:56:25', 0, '2018-10-05 00:56:25', '2018-10-05 00:56:25'),
(11, 'АбаканАВТОГАЗ, ООО, автоцентр', 'azgaz.ru', 'abakangaz1@mail.ru', NULL, '', 'Коммерческие автомобили ГАЗ, автомобили ГАЗ', 'Коммерческие автомобили ГАЗ — это не просто коммерческий автомобиль, это рабочий инструмент, предназначенный для того, чтобы увеличить доход владельца.', NULL, 2, '1', '468acd1e681e008011bba0b9b00a1b81', 0, 0, NULL, '2018-10-05 03:56:26', 0, '2018-10-05 00:56:26', '2018-10-05 00:56:26'),
(12, 'Восточный терминал, автомагазин', 'eastterminal.ru', 'abvostterm@yandex.ru', NULL, '', 'запчасти, разборка, автозапчасти, японские, европейские', 'Контрактные запчасти, продажа запчастей на японские и европейские автомобили, автосервис, продажа шин и дисков', NULL, 2, '1', 'bdd6365ec33465dfaeb7c21db9d03544', 0, 0, NULL, '2018-10-05 03:56:28', 0, '2018-10-05 00:56:28', '2018-10-05 00:56:28'),
(13, 'Автоэффект, СТО', 'autoeffect-abakan.ru', 'autoeffect@yandex.ru', NULL, '', 'СТО Абакан, ремонт кузова, авто ремонт, ремонт автомобиля, СТО, покраска авто, автосервис, автоэффект, салон автомобилей, покраска автомобиля, ремонт кузова, кузовной ремонт авто', 'СТО Абакан, ремонт кузова, авто ремонт, ремонт автомобиля, СТО, покраска авто, автосервис, автоэффект, салон автомобилей, покраска автомобиля, ремонт кузова, кузовной ремонт авто', NULL, 2, '1', '0b008bfccd768fcc472a7e541ad7fd5a', 0, 0, NULL, '2018-10-05 03:56:28', 0, '2018-10-05 00:56:28', '2018-10-05 00:56:28'),
(14, '+АвтоСибЗапчасти, магазин автозапчастей', 'autosib.org', 'autosib@bk.ru', NULL, '', 'Запчасти КамАЗ, запчасти ЗИЛ, запчасти ГАЗ, запчасти ГАЗель, запчасти Волга, запчасти УАЗ, Черногорск, Хакасия', 'Магазин АвтоСиб предлагает продажу запасных частей к автомобилям КамАЗ, ЗИЛ, ГАЗ, ГАЗель, Волга, УАЗ. Черногорск.', NULL, 2, '1', '01548416c51c92c0d230b6c6939b2916', 0, 0, NULL, '2018-10-05 03:56:29', 0, '2018-10-05 00:56:29', '2018-10-05 00:56:29'),
(15, 'Авточехлы, автотенты, магазин автоаксессуаров', 'www.autotex19.ru', 'autotex@mail.ru', NULL, '', 'Республика Хакасия, РХ, Абакан, Гамма, изготовление каркасно-тентовых конструкций, автотенты, палатки, полога, навесы, чехлы, авто, авточехлы, замена, ремонт, реставрация обивки салона автомобиля, обивка, салон, автомобиль, наполнитель, пвх, ткань, оксфорд, велюр, флок, винил, модельные, универсальные, аксессуары, торговые палатки, палатки, прочее, санки, ватрушки, шенилл, твид, жаккард, купить, заказать, ассортимент', 'Гамма, Абакан, РХ, Хакасия, авто тенты, чехлы', NULL, 2, '1', '03484f15d8167010c0e8f86f78d80cd9', 0, 0, NULL, '2018-10-05 03:56:29', 0, '2018-10-05 00:56:29', '2018-10-05 00:56:29'),
(16, 'Паритет-Сибирь, ООО, официальный дистрибьютор смазочных материалов', 'shell.str-k.ru', 'below.leonid@gmail.com', NULL, 'ООО \'Паритет-Сибирь\'', '', 'ООО &quot;Паритет-Сибирь&quot; является официальным дистрибьютором смазочных материалов Shell для легкомоторного транспорта на территории Красноярского края, Республики Хакасия, Республики Тыва. Компания специализируется на оптовой продаже моторных масел, трансмиссионных масел, автокосметики Shell, а также поставке фирменного оборудования и расходных материалов для автосервисов. Вся предлагаемая продукция всегда в наличии на нашем складе.', NULL, 2, '1', '39ac9f4e6a9f553517ab20305e63fd8a', 0, 0, NULL, '2018-10-05 03:56:29', 0, '2018-10-05 00:56:29', '2018-10-05 00:56:29'),
(17, 'Цветовое решение, магазин автокрасок', 'www.cvetovoereshenie.ru', 'cvetovoe.abakan@mail.ru', NULL, '', '0', 'Сайт компании ;Цветовое решение;. Все для кузовного ремонта. Автоэмали Sikkens, Lesonal, инструменты Festool, оборудования для покраски, краскопульты SATA, расходные материалы 3М\nФилиалы в г. Иркутске, Абакане. головной офис в г. Красноярск', NULL, 2, '1', '71929168621bb48db28e228cadc34ae2', 0, 0, NULL, '2018-10-05 03:56:30', 0, '2018-10-05 00:56:30', '2018-10-05 00:56:30'),
(18, 'Енисей-Сервис, автокомплекс', 'eniseycto.ru', 'eniseycto@yandex.ru', NULL, '', '', 'Ремонт автомобилей, автомойка, автомагазин', NULL, 2, '1', '72ea1c70706b4751a5615fd30fbdca52', 0, 0, NULL, '2018-10-05 03:56:36', 0, '2018-10-05 00:56:36', '2018-10-05 00:56:36'),
(19, 'Холод Мастер, торгово-сервисная компания', 'xn----7sbgbigbvaeo0bdibe0bcred8g.xn--p1ai', 'holodmaster@bk.ru', NULL, '', 'ремонт автокнодиционеров, заправка автокондиционеров,ремонт кулеров,  автокондиционеры абакан, ремонт автокондиционера, дезинфекция автокондиционера,вебасто, антибактериальная очистка,грязный запах из автокондиционера, webasto в абакане, предпусковые подогреватели абакан, автокондиционер сервис, холод мастер, абакан, заправка, ремонт автокондиционеров, рефрижераторов, холодильного оборудования, изготовление шлангов высокого давления, пайка алюминиевых радиаторов', 'Компания &laquo;Холод-Мастер&raquo; (г. Абакан) предоставляет Вам услуги по ремонту автокондиционеров, заправке автокондиционеров, дезинфекции автокондиционеров, устранению запаха из автокондиционера,ремонт кулеров, антибактериальная очистка, установке предпусковых подогревателей Webasto ...', NULL, 2, '1', '449a6e8909cbb0a5548de49f33ec4fb7', 0, 0, NULL, '2018-10-05 03:56:37', 0, '2018-10-05 00:56:37', '2018-10-05 00:56:37'),
(20, 'Амуршина, ООО, шинный центр, представительство в г. Абакане', 'www.amurshina.ru', 'info@amurshina.com', NULL, '', 'Шины, Покрышки, Куплю шины, Купить шины, Автошины хабаровск, Магазин шины, Шины и диски, Шины недорого, Автомобильные шины', 'В интернет-магазине Амуршина вы найдете, возможно, лучшие шины для вашей машины.', NULL, 2, '1', '2fe16052b6fd3149754b78cd81f409a3', 0, 0, NULL, '2018-10-05 03:56:37', 0, '2018-10-05 00:56:37', '2018-10-05 00:56:37'),
(21, 'АВТОРЕМЕКС-ХОЛДИНГ, ООО, магазин автозапчастей', 'autoremex.ru', 'info@autoremex.ru', NULL, '', 'Автозапчасти, запчасти для иномарок', 'Большой ассортимент запчастей, от оригинальных и неоригинальных производителей со всего мира. Низкие цены. Автозапчасти', NULL, 2, '1', 'c08ce486bebb8278c6a181c078dd8c45', 0, 0, NULL, '2018-10-05 03:56:38', 0, '2018-10-05 00:56:38', '2018-10-05 00:56:38'),
(22, 'ВЕК, торгово-сервисный центр', 'www.vekabakan.ru', 'info@vekabakan.ru', NULL, '', 'г.Абакан, Хакасия, Республика Хакасия, Сервис Центр ВЕК, Сигнализация, автосигнализация, установка сигнализации, установить автосигнализацию,     2 din \r\n    2 дин, 2 рамки, alligator инструкция, alpine, eberspacher, gsm модуль, gsm сигнализация, mp3 usb адаптер, Pandora, pandora dxl, pandora брелок, pandora сигнализация, pandora цена, StarLine, starline a91, starline a93,  \r\n    starline a94, starline b9, starline dialog, starline e90, starline gsm, starline twage, starline инструкция, webasto, webasto evo, webasto thermo top, webasto купить абакан, webasto цена, yatour адаптер, авто звук купить,   автоакустика, автозвук абакан, автомобильная акустика в абакане, автомобильная сигнализация, автомобильные колонки, автомобильный usb, автомобильный звук, автомобильный усилитель, автономные подогреватели, автономный отопитель, автосабвуферы активные, автосигнализации абакан, автосигнализации цены, автосигнализация, автосигнализация с автозапуском, автосигнализация starline, автосигнализация аллигатор, автосигнализация пандора,    автосигнализация старлайн, автосигнализация томагавк, автосигнализация шерхан, адаптер для штатной магнитолы, активный сабвуфер, акустика для авто, акустическая полка, атермальная пленка, атермальная тонировка, бинар,    бинар 5, бинар 5д, бинар компакт, бинар купить, бинар подогреватель, блокиратор руля, брелок автосигнализации, брелок аллигатор?купить, брелок сигнализации, брелок сигнализации starline,  \r\n    брелок старлайн, буфер купить, вебасто цена, воздушные отопители, втономный отопитель салона, гидроник, динамики в машину, задний парктроник, защита от угона, изготовление подиумов, иммобилайзер, иммобилайзер ваз, иммобилайзер приора, инструкция автосигнализации, камера заднего хода купить, комплект ксенона, короб 12, короб для саба, короб чертеж, ксенон, ксенон купить, купить автоакустику, купить usb адаптер, купить автоакустику,    купить автомагнитолу, купить автомагнитолу +в магазине, купить автосигнализацию, купить автоусилитель, купить брелок аллигатор, купить брелок сигнализации, купить магнитолу, купить сигнализацию, купить усилитель, купить штатную магнитолу, лучшие динамики, магазин автозвука, магазин автомагнитол, магнитола, магнитола pioneer, магнитола ниссан, магнитола пионер, магнитола тойота, механическая защита, механические блокираторы, механические противоугонные устройства, музыка для авто, обход иммобилайзера, обходчик иммобилайзера, отопитель планар, отопитель салона, пандора 3210, пандора 3700, пандора 5000, пандора купить, пандора цены, парковочные датчики,   парковочный радар, парктроник купить, пассивный сабвуфер, переходные рамки, планар, подиумы для колонок, подключение камеры заднего хода, подключение магнитолы, подключение сабвуфера, подогрев двигателя, подогреватели двигателя?предпусковой, подогреватель вебасто, предпусковой подогреватель, предпусковой подогреватель бинар, предпусковой подогреватель двигателя, предпусковой подогреватель дизеля, предпусковой подогреватель купить,  продажа автосигнализаций, противоугонное устройство, расчет короба, ремонт автосигнализации', 'Установка сигнализаций, топливные подогревателели, АвтоЗвук, Детейлинг: CeramicPRO, Броня, Воск, Химчистка авто. Все что хочет ваш автомобиль! Сервис Центр Век г.Абакан - Сервис для взыскательных. Адрес: г.Абакан Ул. Чертыгашева 27, тел: 34 56 65 mob: 8 983 191 20 44', NULL, 2, '1', '2ad45c96056736ef7344ca2f61cef027', 0, 0, NULL, '2018-10-05 03:56:40', 0, '2018-10-05 00:56:40', '2018-10-05 00:56:40'),
(23, 'Замена, торговая компания', 'zamena.org', 'mail@zamena.org', NULL, '', 'аксессуары, аккумуляторы, шины, автомасла, метизы, хомуты, автохимия', 'Сеть автомагазинов &quot;Замена&quot;', NULL, 2, '1', '94c09ad0667d79ae5aef406ea3d6feaa', 0, 0, NULL, '2018-10-05 03:56:49', 0, '2018-10-05 00:56:49', '2018-10-05 00:56:49'),
(24, 'С полоборота, торгово-сервисная компания', 'www.spoloborota.ru', 'p_oborot@yandex.ru', NULL, '', 'автозапчасти, масло, автостекла', 'Сполоборота - запчасти для автомобилей', NULL, 2, '1', 'bcb1af0a2ee57ef52965394b5dab000f', 0, 0, NULL, '2018-10-05 03:56:52', 0, '2018-10-05 00:56:52', '2018-10-05 00:56:52'),
(25, 'Черногорский ремонтно-механический завод, ОАО', 'rmz19.ru', 'priemnaya_rmz@suek.ru', NULL, '', 'АО «Черногорский ремонтно-механический завод» РМЗ', 'АО «Черногорский ремонтно-механический завод»', NULL, 2, '1', '04f2fb490a7bb1592961eaad4f8086d2', 0, 0, NULL, '2018-10-05 03:56:53', 0, '2018-10-05 00:56:53', '2018-10-05 00:56:53'),
(26, 'Самурай, магазин автозапчастей', 'www.samurai-abakan.ru', 's285427@yandex.ru', NULL, '', 'заказать автозапчасти, заказать в абакане запчасти,оригинальные, дубликатные, контрактные, японские автомобили,корейские, Автомагазин САМУРАЙ ', 'Ищите запчасти для Toyota или хотите заказать автозапчасти для Nissan? Тогда звоните нам! Ведь у нас Всегда можно заказать запчасти на японские иномарки и другие автомобили!', NULL, 2, '1', 'd603562fc3cba94e3635e5a0627e448b', 0, 0, NULL, '2018-10-05 03:56:53', 0, '2018-10-05 00:56:53', '2018-10-05 00:56:53'),
(27, 'Сакура Моторс, торгово-ремонтный комплекс', 'sakura-motors.ru', 'sakura_abakan@mail.ru', NULL, '', 'сакура, запчасти, контрактные, новые, поиск, заказ, сервис, красноярск', 'Автозапчасти на японские автомобили - Сакура Моторс', NULL, 2, '1', '28e6f76f80c5193500bea13fdcaa5a13', 0, 0, NULL, '2018-10-05 03:56:54', 0, '2018-10-05 00:56:54', '2018-10-05 00:56:54'),
(28, 'Сиб-АвтоТрак, ООО, торговая компания', 'sibtraktor.ru', 'sibavtotrak12@yandex.ru', NULL, '', 'Продажа автомобилей, тракторов, запчасти в Иркутске, ГСМ, КАМАЗ, МТЗ, ДТЗ, Четра, гарантийное обслуживание, сервисное обслуживание', 'Продажа автомобилей, тракторов, запчастей, горюче-смазочных материалов, сервисное обслуживание', NULL, 2, '1', 'a8aecffa1c810baed03812c944b65a3f', 0, 0, NULL, '2018-10-05 03:56:55', 0, '2018-10-05 00:56:55', '2018-10-05 00:56:55'),
(29, 'Южно Сибирский Мотоцентр, ООО, торгово-ремонтная компания', 'ssmc.su', 'ssmc@minusa.ru', NULL, '', 'HUSQVARNA, ТехНодрев', 'С 11 по 14 сентября в МВДЦ «Сибирь» состоится крупнейшее лесопромышленное событие России — VI международная выставка «ТЕХНОДРЕВ Сибирь»', NULL, 2, '1', 'a3ae4148da1509594f776ce544246246', 0, 0, NULL, '2018-10-05 03:56:55', 0, '2018-10-05 00:56:55', '2018-10-05 00:56:55'),
(30, 'Вин-код.рф, интернет-магазин автозапчастей для иномарок', 'xn----ctbholqj.xn--p1ai', 'volgin@vin-code.org', NULL, '', '', 'Интернет магазин ВИН-КОД.РФ. Автозапчасти для иномарок. Поиск запчастей по VIN и каталогам. Сеть магазинов и доставка по России. Заказ без предоплаты.', NULL, 2, '1', '614f2ec08d265550a80ec2905d639c52', 0, 0, NULL, '2018-10-05 03:56:57', 0, '2018-10-05 00:56:57', '2018-10-05 00:56:57'),
(31, '1 Июня, студия рекламы и организации праздников', 'xn--1--xlcu8fh.xn--p1ai', '1-june-abakan@mail.ru', NULL, '', 'Промо-акции, BTL, event, Ивэнт, маркетинговые исследования, дизайн, промоушн, Красноярск, Красноярский край, Норильск, Канск, Абакан, мерчендайзинг, оформление шарами,ростовые куклы, брендирование авто, отрганизация лотереи оператор, презентации, открытия', 'Промо-акции, BTL, event, Ивэнт, маркетинговые исследования, дизайн, промоушн, Красноярск, Красноярский край, Норильск, Канск, Абакан, мерчендайзинг, оформление шарами,ростовые куклы, брендирование авто, отрганизация лотереи оператор, презентации, открытия', NULL, 3, '1', 'd5d595224bd6d41f18c8e96354eea970', 0, 0, NULL, '2018-10-05 03:56:57', 0, '2018-10-05 00:56:57', '2018-10-05 00:56:57'),
(32, 'Арлекино, мастерская праздников', 'prazdnik19.ru', 'arlekino_prazdnik@mail.ru', NULL, '', 'ведущий на праздник, организация праздников, ведущие на свадьбу, проведение свадеб, тамада абакан, тамада в абакане, тамада в саяногорске, тамада саяногорск, фотограф на свадьбу, фотограф в абакане, фотограф в саяногорске, тамада на свадьбу, ведущий для праздника, оформление шарами, организация свадьбы, организация праздников абакан, все для свадьбы абакан, проведение праздников абакан, провести свадьбу в абакане, все для свадьбы абакан, выкуп невесты абакан, день рождения ребенка абакан, свадебные агенства абакан, свадьба, всё для свадьбы, организация свадьбы, день свадьбы, тамада на свадьбу, тамада, организация праздников, праздник, свадебные кольца, венчание, сценарий выкупа, обручальные кольца, свадебное агенство, с днём свадьбы, свадебный макияж, свадебные торты, оформление шарами, оформление свадьбы, свадебное оформление, свадебные букеты, проведение праздников, проведение свадеб, торты на заказ,', 'Тамада в Абакане и Саяногорске. Мастерская праздников &quot;Арлекино&quot;. Организация и проведение свадеб, юбилеев, банкетов, корпоративов, детских праздников, фото-видеосъемка.', NULL, 3, '1', '3b161f855c1039fe0806a3f749d30611', 0, 0, NULL, '2018-10-05 03:56:58', 0, '2018-10-05 00:56:58', '2018-10-05 00:56:58'),
(33, 'СоколоваDekor, центр художественного оформления праздников, ИП Алборова Е.В.', 'www.sokolovadecor.com', 'elenasokolova@mail.ru', NULL, '', 'семья как приключение абакан  хакасия decor  art  picture  desing  painter  Elena  Sokolova  декор  художник  Елена  Соколова  Чылтыс графика  картины  оформления  дизайн  интерьер что такое осень миниатюры роспись по ткани батик  россияабакан  сибирь сибинфо аян мавр мехколонна сиб-экспо сиб экспо  хакасия  sokolovadecor.com  elenasokolova khakasia abakan minusinsk art painter masterминусинск сибирь красноярск выставка галерея линии судьбы чылтыс выставочный зал образ женщины Открытие выставки Ток-шоу Женщины могут всё Встреча с замечательными женщинами города Абакана&lt;br /&gt;Фотосессия Я и моя мама Мастер-класс для детей Волшебный подснежник  Семейная мастерская Делаем книжку всей семьёй Мастер-класс для детей и родителей День весеннего равноденствия Бумагопластика Эко-семинар Всемирный день воды мастер-класс Акварель по-мокрому Участие бесплатно Арт-событие День работника культуры Создание совместных инсталляций Всемирный День птиц Лики Богоматери Закрытие выставки День города Абакан 2013', 'Сайт художника Елены Соколовой. Создан Алборовым Иналом Сергеевичем', NULL, 3, '1', '18ed2abc446782c22b7a40fc29e541ce', 0, 0, NULL, '2018-10-05 03:57:05', 0, '2018-10-05 00:57:05', '2018-10-05 00:57:05'),
(34, 'СВ Декор, мастерская свадебного декора', 'xn----ctbhezyob.xn--p1ai', 'full.x2@mail.ru', NULL, '', 'оформление праздников, оформление свадьбы, юбилея, оформление мероприятия, украшение праздника', 'Компания &amp;quot;Свадебный декор&amp;quot; предоставляет услуги по профессиональному оформлению любых праздников: свадьбы, юбилея, дня рождения.', NULL, 5, '1', '634a1f95253f462118c3aa85cda6f9cc', 0, 0, NULL, '2018-10-05 03:57:05', 0, '2018-10-05 00:57:05', '2018-10-05 00:57:05'),
(35, 'Трапеза, компания выездного обслуживания', 'abakan-prazdnik.ru', 'trapeza19@bk.ru', NULL, '', 'Трапеза', 'Трапеза', NULL, 5, '1', '0fed61c68e951338f64c73a1ef4318d3', 0, 0, NULL, '2018-10-05 03:57:15', 0, '2018-10-05 00:57:15', '2018-10-05 00:57:15'),
(36, 'ИнфоИндастри, ООО, IT-компания', 'www.infoind.info', 'abakan@infoind.info', NULL, '', 'проектирование, сапр,  Нормативно-техническая документация, нормативная база, NormaCS, nanoCAD, Microsoft, AutoCAD, GstarCAD, красноярск, иркутск, программное обеспечение, обучение, скачать NormaCS, скачать nanoCAD, СПДС, Project StudioCS, обучение', 'ООО ', NULL, 3, '1', 'd298fbe2b52f7797da55c0e0883c60a6', 0, 0, NULL, '2018-10-05 03:57:18', 0, '2018-10-05 00:57:18', '2018-10-05 00:57:18'),
(37, 'Омиком, ООО, торгово-монтажная компания', 'omikom.ru', 'abakan2@omikom.ru', NULL, '', 'локальные, глобальные сети, выделенная, физическая линия, розетки, кабель, витая пара, кабель для внешней прокладки, проектирование, монтаж, телефонные, электрические сети', 'Омиком - сетевые решения и другая информация о всех сетевых технологиях. Мы предлагаем полный ассортимент пассивного и активного сетевого оборудования для построения локальных вычислительных и глобальных сетей, от ведущих производителей.', NULL, 3, '1', '37dec8cc2d2573abaf9c8194df799ed9', 0, 0, NULL, '2018-10-05 03:57:19', 0, '2018-10-05 00:57:19', '2018-10-05 00:57:19'),
(38, 'Адей, ООО, центр бизнес-решений', 'www.adey.ru', 'adey@inbox.ru', NULL, '', 'Адей, 1с, 1с Абакан, Франчайзи, 1с бухгалтерия, 1с итс, 1c предприятие, программа 1с', 'Сайт фирмы ООО \'Адей\'', NULL, 3, '1', 'f85c50540941e4599edd1fba16c0bddf', 0, 0, NULL, '2018-10-05 03:57:20', 0, '2018-10-05 00:57:20', '2018-10-05 00:57:20'),
(39, 'КрисТелеком, ООО, телекоммуникационная компания', 'kristel.ru', 'admin@kristel.ru', NULL, '', 'кристел, кристелеком, интернет, провайдер, подключиться к интернету, телевидение, спутниковое телевидение', 'Интернет-провайдер', NULL, 8, '1', '5e5cfd370e824836960e29790504736c', 0, 0, NULL, '2018-10-05 03:57:21', 0, '2018-10-05 00:57:21', '2018-10-05 00:57:21'),
(40, 'Дизайн Полиграфия Интернет, полиграфическая компания', 'dpirh.ru', 'desing@dpirh.ru', NULL, '', '', 'Дизайн, верстка книг, журналов, буклетов, изготовление, поддержка сайтов,  Хакасия, Абакан', NULL, 8, '1', '317fb9038f4b1f8c08989dfff5928d52', 0, 0, NULL, '2018-10-05 03:57:23', 0, '2018-10-05 00:57:23', '2018-10-05 00:57:23'),
(41, 'Еndelea, web-студия', 'endelea.ru', 'endelea@gmail.com', NULL, '', 'дизайн сайта в абакане, создание сайта в абакане, создание логотипов в абакане, дизайн логотипов', 'Закажите создание сайта в Абакане от профессионалов со стажем более 10 лет. Дизайн логотипов и фотосъемка.', NULL, 8, '1', '88148825172cb9b62c4008187cf5c0b7', 0, 0, NULL, '2018-10-05 03:57:25', 0, '2018-10-05 00:57:25', '2018-10-05 00:57:25'),
(42, '3Д-Навигатор.рф, многопрофильная компания', '3d-navigator.ru', 'info@3d-navigator.ru', NULL, '', 'Абакан, Абакан Виртуальный город,3Д-Панорамы Абакана,Создание 3Д-Панорам, карты Хакасии, 3Д-Панорамы улиц Абакана,Хакасия,3Д-Экскурсия Абакан,Каталог предприятий Абакан, фотографии Абакана,Услуги Абакана, достопримечательности в Хакасии,Справочник Абакана и Хакасии, карта города Абакана с улицами, достопримечательности Абакана, карта Абакана онлайн', '3D-экскурсии по республике Хакасия и городу Абакан. А также ближайшие магазины, предприятия, услуги, гос.учреждения. Каталог предприятий, 3D-туры компаний, магазинов, салонов. Добро пожаловать на 3D-Navigator.Ru!', NULL, 8, '1', '5664f59556eea298d42f2629ca1bdd26', 0, 0, NULL, '2018-10-05 03:57:27', 0, '2018-10-05 00:57:27', '2018-10-05 00:57:27'),
(43, 'Бизнес-Консалтинг, ООО', 'bcons.biz', 'info@bcons.ru', NULL, '', '高須クリニック,化粧品,口コミ', '高須クリニック【化粧品】口コミ・評判・購入（ドクターズコスメ《ジュランツ》EGF・IGF・FGF）', NULL, 8, '1', '29d44bb161f7ac280ce8d69bb72fb950', 0, 0, NULL, '2018-10-05 03:57:29', 0, '2018-10-05 00:57:29', '2018-10-05 00:57:29'),
(44, 'Комплекс-Про, ООО, торговая компания', 'www.com-pro.ru', 'info@com-pro.ru', NULL, '', 'Комплекс-Про, 1С, Автоматизация, Абакан, Сбис, Отчетность, официальный сайт', 'Главная страница сайта', NULL, 8, '1', '06ff58afb4da6e424071ff394ea8ad26', 0, 0, NULL, '2018-10-05 03:57:29', 0, '2018-10-05 00:57:29', '2018-10-05 00:57:29'),
(45, 'Собиз, ООО, центр бухгалтерских услуг и автоматизации', 'sobiz24.ru', 'ka@sobiz24.ru', NULL, '', '', 'Компания «Собиз» является одним из ведущих франчайзи 1С Красноярска. У нас вы можете купить программное обеспечение 1С и других вендоров: Microsoft, 1С, Kerio, Adobe, Acronis, ABBYY, Autodesk, Corel, HP, Entensys, Kaspersky Lab, Dr.Web, ESET,  Symantec.', NULL, 8, '1', '46ba79cc3540cbc262f222b36e042a2d', 0, 0, NULL, '2018-10-05 03:57:33', 0, '2018-10-05 00:57:33', '2018-10-05 00:57:33'),
(46, 'Magneex, веб-студия', 'www.magneex.ru', 'magneex@yandex.ru', NULL, '', 'заказать сайт в абакане разработка веб сайтов создание сайта абакан веб-студия веб студия magneex заявка на сайт консультация обсудить проект', 'Разработка эффективного интернет-решения для вашего бизнеса. Индивидуальный дизайн. Закажите сайт в Magneex ☎ +7 (3902) 399-050.', NULL, 8, '1', 'a5e41ab8bbb9cb466b610cb655554e08', 0, 0, NULL, '2018-10-05 03:57:39', 0, '2018-10-05 00:57:39', '2018-10-05 00:57:39'),
(47, '9-медиа, компания по разработке сайтов', 'o9media.ru', 'mail@o9media.ru', NULL, '', 'о9медиа, создание сайтов в Абакане, создание сайтов в Минусинске, создание сайтов в Красноярске, создание сайтов, разработка сайтов, веб-дизайн, заказать сайт, медиа, Минусинск, Абакан ', 'Услуги по созданию сайтов с повышенными требованиями', NULL, 8, '1', '7e56491d7c1cff169122b55f92e31828', 0, 0, NULL, '2018-10-05 03:57:41', 0, '2018-10-05 00:57:41', '2018-10-05 00:57:41'),
(48, '1С-Форус, центр дистрибьюции программного обеспечения', 'partner.forus.ru', 'partner@forus.ru', NULL, '', 'дистрибьютор 1С, оптовые поставки 1С, партнер, 1с франчайзи', '&quot;1С-Форус&quot; - IT-дистрибьютор. Станьте партнером компании и развивайте свой бизнес по продаже и сопровождению ПО. Новости, мероприятия, акции для партнеров', NULL, 8, '1', 'cf3d05a8bd9e671d08a8bdd2a421e6ba', 0, 0, NULL, '2018-10-05 03:57:49', 0, '2018-10-05 00:57:49', '2018-10-05 00:57:49'),
(49, 'ПК-сервис, торгово-сервисный центр', 'pc19.ru', 'pcservice@mail.ru', NULL, '', '', 'Оперативный ремонт настольных ПК, ноутбуков, смартфонов, планшетов. Гарантия. Скидки. Ул. Комарова 2.', NULL, 8, '1', 'c2d667304c3393d75503689b8d05fcc7', 0, 0, NULL, '2018-10-05 03:57:50', 0, '2018-10-05 00:57:50', '2018-10-05 00:57:50'),
(50, 'MAYKOR, сервисная компания', 'maykor.com', 'sfo-sale@maykor.com', NULL, '', 'Maykor, Мэйкор, ЦРТ Сервис, ЦРТ-сервис, НСТ, NST, Новые сервисные технологии, NST-service, NST MAYKOR, CRT MAYKOR, CRT Service, Майкор, СХК, Сервисная холдинговая компания, мейкор, serviceholding, maicor, meicor, meikor, meycor, maikor', 'Компания обеспечивает эффективную поддержку и развитие организаций по всей России на основе долгосрочных сервисных соглашений. Сегодня MAYKOR – это крупнейшая сеть филиалов, квалифицированные сотрудники и мощнейшая ресурсная база в стране.\nКомпания занимает топовые позиции в ведущих российских рейтингах поставщиков ИТ-услуг, а также входит в ТОП-100 лидеров мирового аутсорсинга.', NULL, 8, '1', '0c3d83f22a29a8621b6c5e30f72122a6', 0, 0, NULL, '2018-10-05 03:57:52', 0, '2018-10-05 00:57:52', '2018-10-05 00:57:52'),
(51, 'Веб-толк, компания по разработке сайтов', 'wtolk.ru', 'web@wtolk.ru', NULL, '', 'создание сайтов, создание сайта, создать сайт, создание интернет сайта, создание сайтов Абакан, создание корпоративного сайта, создание сайта визитки, создать свой сайт, как создать сайт, стоимость создания сайта, как создать свой сайт', 'Разработка сайтов в Абакане. Вы можете заказать создание качественного сайта. Профессиональная команда, продуманный маркетинг. Вам с нами понравится.', NULL, 8, '1', '2f3ee1ca26c77b930e696d08179af1dd', 0, 0, NULL, '2018-10-05 03:57:52', 0, '2018-10-05 00:57:52', '2018-10-05 00:57:52'),
(52, 'Абаканфото, фотоцентр', 'www.abakanfoto.ru', 'fotoabakan@gmail.com', NULL, '', 'печать на футболках в Абакане, печать на кружках Абакан, печать через интернет, онлайн печать, печать фотографий в Абакане, фото на документы, фотомагниты, печать на пазле, фото на подушке, фотопечать Абакан', 'печать на футболках в Абакане, печать на кружках Абакан, печать через интернет, онлайн печать, печать фотографий в Абакане, фото на документы, фотомагниты, печать на пазле, фото на подушке, фотопечать Абакан', NULL, 3, '1', 'cf6ab7c5f7f686d077d2d62df2d84409', 0, 0, NULL, '2018-10-05 03:57:53', 0, '2018-10-05 00:57:53', '2018-10-05 00:57:53'),
(53, 'КлинКом, клининговая компания', 'www.cleancom.ru', 'info@cleancom.ru', NULL, '', 'ООО Клинком, клининг, клиненг, уборка, химчистка, Мойка, чистка, уборка территории, окна, фасады, жалюзи, промывка, вывоз мусора, ген.уборка, чистота, уборка после банкета, уборка офиса, чистка ковров, чистка жалюзи, химчистка коврового покрытия, химчистка автомобиля, уборка дома, уют, качество, пыль, награды, регулярная уборка, генеральная уборка, офис, клининговые услуги, клиненговая компания, клининговая компания, промывка фасада, витрин, республика Хакасия,  г.Абакан, г.Черногорск, г.Красноярск, г.Саяногорск, г. Кызыл, г.Дивногорск', 'Клининговая компания ООО Клинком :: Профессиональные услуги клининга,новейшие технологии, на современном оборудовании. Это Мы - моем все!', NULL, 3, '1', 'd003dc9ffd560496362166704fb9a366', 0, 0, NULL, '2018-10-05 03:57:53', 0, '2018-10-05 00:57:53', '2018-10-05 00:57:53'),
(54, 'Альфа, магазин-мастерская компьютерной техники', 'www.alpha19.ru', 'info@alpha19.ru', NULL, '', 'Alpha computers Альфа компьютеры продажа модернизация ремонт настройка', 'Alpha computers. Магазин компьютерной техники.', NULL, 3, '1', 'af98be7a47f4d8db9d5605b3e034e3ba', 0, 0, NULL, '2018-10-05 03:58:12', 0, '2018-10-05 00:58:12', '2018-10-05 00:58:12'),
(55, 'Thermomix, компания по продаже кухонных процессоров, официальный представитель', 'www.thermomix-tm.ru', 'thermomix19@mail.ru', NULL, '', 'термомикс thermomix tm 31 tm 5 кухонный комбайн санкт петербург москва новый цена vorwerk купить рецепты россия снг', 'Термомикс (Thermomix Vorwerk). Кухонный комбайн Термомикс. Купить (куплю) Термомикс - все регионы России и СНГ!', NULL, 3, '1', '60277e3674df41575e44930a4d13f12e', 0, 0, NULL, '2018-10-05 03:58:13', 0, '2018-10-05 00:58:13', '2018-10-05 00:58:13'),
(56, 'Хакасская Республиканская Филармония', 'www.philarmonia-rh.ru', 'filarmoniya76@gmail.com', NULL, '', 'филармония, Абакан, хакасия', 'Хакасская Республиканская Филармония', NULL, 3, '1', '1d85a85bfac3d024d0d6c37d6dd8a2c4', 0, 0, NULL, '2018-10-05 03:58:16', 0, '2018-10-05 00:58:16', '2018-10-05 00:58:16'),
(57, 'Сказка, Хакасский национальный театр кукол', 'skazka-theatre.ru', 'skazka@khakasnet.ru', NULL, '', 'театр, сказка, абакан, ', 'Официальный сайт национального театра кукол &laquo;Сказка&raquo;. Здесь вы сможете купить билеты на спектакли, приобрести сувениры и многое другое.', NULL, 3, '1', '0fad6ff8f1c13589e1e54eca15847a2b', 0, 0, NULL, '2018-10-05 03:58:19', 0, '2018-10-05 00:58:19', '2018-10-05 00:58:19'),
(58, 'Металлоискатели и Монеты, торговая компания', 'minelab.com.ru', 'tagar@rambler.ru', NULL, '', 'металлоискатель, металлодетектор, Minelab, Минелаб, официальный дистрибьютор минелаб, дилеры minelab', 'Металлоискатели и металлодетекторы Minelab. Купить официальные металлоискатели Минелаб. Официальный сайт Российского дистрибьютора Minelab. Катушки CoilTek', NULL, 3, '1', '0da1bad4ff80047b3aea83741eb14859', 0, 0, NULL, '2018-10-05 03:58:22', 0, '2018-10-05 00:58:22', '2018-10-05 00:58:22'),
(59, 'Металл о Дизайн, магазин мебели', 'mdabakan.ru', '888mda@mail.ru', NULL, '', '', 'Мебель в Абакане. Столы и стулья для дома и офиса.', NULL, 3, '1', 'a9e9785315b5fee059223ba14a084a2f', 0, 0, NULL, '2018-10-05 03:58:23', 0, '2018-10-05 00:58:23', '2018-10-05 00:58:23'),
(60, 'Мебельный Берег, торговая компания', 'mebbereg.ru', 'abakant@rambler.ru', NULL, '', 'мебельный магазин склад, продажа тканей для мебели, мебель для дома и офиса, оптовые скидки, акции!', 'Мебельный Берег предлагает большой ассортимент мебели  для дома и офима, для кафе и ресторанов, а также ткани для обивки мебели недорого, скидки', NULL, 3, '1', 'f9534a28b615fcee3d9b5ac10fc501ad', 0, 0, NULL, '2018-10-05 03:58:24', 0, '2018-10-05 00:58:24', '2018-10-05 00:58:24'),
(61, 'Альянс, мебельная фабрика', 'aliyns-mebel.ru', 'aliyns-mebel@yandex.ru', NULL, '', 'Хакасия Мебель Корпусная МДФ Шкафы Прихожие Кухни Стенки Детская мебель Абакан Черногорск Альянс-Мебель', 'Мебельная фабрика «Альянс» - производитель корпусной мебели в Хакасии', NULL, 3, '1', 'e8d275e2c73287970cd8d106b2763b80', 0, 0, NULL, '2018-10-05 03:58:24', 0, '2018-10-05 00:58:24', '2018-10-05 00:58:24'),
(62, 'ЧерногорскМебель, торгово-производственная компания', 'chermebel.ru', 'cher-mebel@mail.ru', NULL, '', '', 'Домен chermebel.ru продаётся. Цена: 20 000,00 р.. Категории: Бизнес - Электронная коммерция; Разное - Другое; Автоматические категории - Старше 2-х лет. Вся информация о домене в магазине доменов REG.RU.', NULL, 18, '1', '991ffb0e29ee3e555659db88c4ebd11a', 0, 0, NULL, '2018-10-05 03:58:25', 0, '2018-10-05 00:58:25', '2018-10-05 00:58:25'),
(63, 'Древо, ООО, производственная фирма', 'drevo-dom.com', 'drevoooo@gmail.com', NULL, '', 'ニキビ肌,化粧品,おすすめ,ランキング,美容液,乳液,化粧水', '肌が弱い方が使っている美容液をランキング形式でご紹介しています。敏感肌や、ニキビ肌にピッタリの化粧水や、オールインワンの美容液など、おすすめの商品をチェックしよう！', NULL, 18, '1', '7ee22077c925bfd551d5d4e2685897eb', 0, 0, NULL, '2018-10-05 03:58:29', 0, '2018-10-05 00:58:29', '2018-10-05 00:58:29'),
(64, 'Мебелькомплект, торгово-производственная компания', '19mk.ru', 'hmk19@mail.ru', NULL, '', 'Мебелькомплект АБАКАН', 'Каталог Мебелькомплект АБАКАН', NULL, 18, '1', '0f7e073d582cf6e68d1d9b742957aa41', 0, 0, NULL, '2018-10-05 03:58:30', 0, '2018-10-05 00:58:30', '2018-10-05 00:58:30'),
(65, 'БТС-Сервис, ООО, представительство в г. Абакан', 'www.24bts.ru', 'info.bts-service@bk.ru', NULL, '', 'бтс сервис, банковское оборудование, счетчики банкнот, счетчик монет, упаковщик, вакуумный упаковщик, детектор купюр, детектор валют, кассовое оборудование, темпокасса', 'БТС-Сервис продажа и обслуживание банковского оборудования в Красноярском крае и республике Хакасия', NULL, 18, '1', '3ae11445806dc9197a10de9b7f4d4f66', 0, 0, NULL, '2018-10-05 03:58:30', 0, '2018-10-05 00:58:30', '2018-10-05 00:58:30'),
(66, 'MebelDela, торгово-производственная компания', 'www.mebeldela.ru', 'info@mebeldela.ru', NULL, '', 'Кухонные гарнитуры, давита мебель, спальные гарнитуры, офисная мебель, металлические стеллажи, школьная мебель, для детских садов, официальный сайт, фабрика мебели, фабрика витра, стеллер, сейфы, Томск, Кемерово, купить, детские стулья, цена, Кызыл', 'Интернет магазин с доставкой мебели до Вас за наш счет. Работаем с НДС.', NULL, 18, '1', 'e0830829b294180985bc337f588a6942', 0, 0, NULL, '2018-10-05 03:58:31', 0, '2018-10-05 00:58:31', '2018-10-05 00:58:31'),
(67, 'КМК, Красноярская мебельная компания', 'kmk-mebel.ru', 'kmk_abakan@mail.ru', NULL, '', 'мягкая, корпусная мебель', 'Мебельная компания Красноярска', NULL, 18, '1', '0a4871232a490c212e76be02d9493a88', 0, 0, NULL, '2018-10-05 03:58:31', 0, '2018-10-05 00:58:31', '2018-10-05 00:58:31'),
(68, 'Мебельный профиль, ООО, торговая компания', 'xn--h1agbieg3a0e.xn--p1ai', 'mprofil@bk.ru', NULL, '', 'ЛДСП, МДФ, ЛХДФ, Столешницы, Красноярск, Ламарти, Югра, комплектующие для мебели, мебельные комплектующие, мебельная фурнитура, фурнитура для мебели, Россия, продажа, цены, предложение, каталог, товары, услуги', 'Ищете, где можно купить ЛДСП или МДФ-панели по доступным ценам? Для Красноярска и Абакана есть отличное решение. Компания «М-Профиль» предлагает плиты EGGER, Югра, Ламарти и других торговых марок по очень выгодной стоимости. Превосходное качество изделий гарантировано!', NULL, 18, '1', '2c9b804e82e2a93fb1376c700f9a8372', 0, 0, NULL, '2018-10-05 03:58:32', 0, '2018-10-05 00:58:32', '2018-10-05 00:58:32'),
(69, 'Офисные стулья и кресла, магазин', 'xn----8sbaad9ccw2akl3isb.xn--p1ai', 'suabro@mail.ru', NULL, '', 'Офисные стулья и кресла, Вращающиеся стулья, офисная мебель, столы, мебельный салон, недорогая мебель, продажа офисной мебели, продажа стульев, дешевая мебель, магазин диваны и кресла Абакан, Хакасия', ' Широкий выбор офисных стульев, кресел. Кухонная мебель, офисная мебель, мягкие стулья', NULL, 18, '1', '60b320f94a529ed3869bc2e7ecdf0643', 0, 0, NULL, '2018-10-05 03:58:33', 0, '2018-10-05 00:58:33', '2018-10-05 00:58:33'),
(70, 'Beauty Style, имидж-центр', 'www.im-center.ru', 'admin@im-center.ru', NULL, '', '', 'Центр информационного менеджмента', NULL, 3, '1', '6d6eef8438886ca449ae9f78d0118b9f', 0, 0, NULL, '2018-10-05 03:58:34', 0, '2018-10-05 00:58:34', '2018-10-05 00:58:34'),
(71, 'Кабинет практической психологии, ИП Акимов С.Н.', 'www.akimov-sn.ru', 'akimovsn.ru@gmail.com', NULL, '', 'психолог, психологическая помощь, консультации психолога, лишний вес, реальное похудение, как похудеть, похудание, стройность, абакан', '.	.		.			.				.					КУРС &quot;РЕАЛЬНОЕ ПОХУДЕНИЕ&quot;.				..				.					Индивидуальный курс немедицинской психотерапии, направленный не только на снижение веса, но и на сохранение стройности. Курс основан на принципах индивидуального подхода...', NULL, 3, '1', 'ceab1af747a2f1b36c88c397cc227ad7', 0, 0, NULL, '2018-10-05 03:58:59', 0, '2018-10-05 00:58:59', '2018-10-05 00:58:59'),
(72, 'Медицинский Центр ДНК-диагностики, ООО', 'www.dnkcentr.tiu.ru', 'dnk-diagnostiki@mail.ru', NULL, '', 'Информация о компании, описание компании, телефон, адрес, предоставляемые товары и услуги, &#34;С 1 сентября наш новый сайт www.dnk19.ru&#34;', 'Контактная информация, товары и услуги компании &#34;С 1 сентября наш новый сайт www.dnk19.ru&#34;', NULL, 3, '1', 'f07201968d926f92ec4ffed5b8256493', 0, 0, NULL, '2018-10-05 03:59:00', 0, '2018-10-05 00:59:00', '2018-10-05 00:59:00'),
(73, 'Каприз, магазин косметики и оборудования', 'kaprizmagazin.ru', 'kaprizabakan2011@mail.ru', NULL, 'Интернет-магазин профессиональной косметики «Каприз» в Красноярске', 'Косметика, магазин косметики, интернет магазин косметики', 'Действительно качественная и профессиональная косметика, а также техника, аксессуары и расходные материалы для мастеров салонов, парикмахеров и просто домашнего использования. Привлекательные условия и скидки.', NULL, 21, '1', '80046e90e17ec808c5c90f5729b8aabd', 0, 0, NULL, '2018-10-05 03:59:02', 0, '2018-10-05 00:59:02', '2018-10-05 00:59:02'),
(74, 'Mary Kay, косметическая компания', 'www.marykay.ru', 'mk7246@yandex.ru', NULL, '', '', 'Mary Kay® – декоративная косметика, парфюмерия и уход за кожей. Узнайте подробнее о том, как стать Независимым Консультантом по красоте.', NULL, 21, '1', '1310b157ab668176913c24373f375ef8', 0, 0, NULL, '2018-10-05 03:59:06', 0, '2018-10-05 00:59:06', '2018-10-05 00:59:06'),
(75, 'Доктор Борменталь, медико-психологический центр, представительство в г. Абакане', 'www.doctorbormental.ru', 'oxana.jbanuk@doctrobormental.ru', NULL, 'Лёгкий способ сбросить вес', 'лёгкий способ сбросить вес, секреты похудения, как сбросить вес, клиника борменталь, центр коррекции веса, центр похудения, как сбросить лишний вес, докторборменталь центр снижения веса цена, центр снижения веса доктор борменталь', 'Все секреты похудения в центре снижения и коррекции веса «Доктор Борменталь». Мы поможем вам сбросить лишний вес. Лучшая клиника снижения веса в России', NULL, 21, '1', 'a469f463ed9edccc0209ba332323bc13', 0, 0, NULL, '2018-10-05 03:59:09', 0, '2018-10-05 00:59:09', '2018-10-05 00:59:09'),
(76, 'Мечел-Сервис, ООО, торговая компания, подразделение в г. Абакане', 'www.mechel.ru', 'dmitriy.ratnikov@mechelservice.ru', NULL, '', 'Мечел, Зюзин, уголь, сталь, прокат, Якутуголь, горная добыча, Эльгинское, Эльга, коксующийся', '«Мечел» – глобальная горнодобывающая и металлургическая компания', NULL, 3, '1', '2e64d6ae4373a8dcf0c767c0e3d1326c', 0, 0, NULL, '2018-10-05 03:59:13', 0, '2018-10-05 00:59:13', '2018-10-05 00:59:13'),
(77, 'АбаканФасад, производственно-монтажная компания', 'abakanfasad.ru', 'mail@abakanfasad.ru', NULL, '', '', 'Единственная компания в Хакасии, занимающаяся производством фасадных металлических кассет.', NULL, 3, '1', 'c733466f1138a46b6eb70d10c926f7d1', 0, 0, NULL, '2018-10-05 03:59:17', 0, '2018-10-05 00:59:17', '2018-10-05 00:59:17'),
(78, 'Разрез Степной, ЗАО, угольная компания', 'stepnoi.ru', 'stepnoy@roscoal.ru', NULL, '', '', 'Акционерное общество «Угольная компания «Разрез «Степной» – один из основных производственных активов АО «Русский Уголь» группы САФМАР…', NULL, 3, '1', '843809f2866536c9b16e5c40f93c3b4a', 0, 0, NULL, '2018-10-05 03:59:38', 0, '2018-10-05 00:59:38', '2018-10-05 00:59:38'),
(79, 'Втормет, ООО, компания по приему лома металлов', 'xn--24-dlcm8alooe.xn--p1ai', 'vm-abakan3@mail.ru', NULL, '', 'Пример ключевых', 'Пример описания', NULL, 24, '1', '2ebc53ef4dfb35545a4e64182b222d2f', 0, 0, NULL, '2018-10-05 03:59:40', 0, '2018-10-05 00:59:40', '2018-10-05 00:59:40'),
(80, 'АСМ-Красноярск, ООО, торговая компания, филиал в г. Абакане', 'asm24.ru', '9831491354@mail.ru', NULL, '', 'спецтехника, спецтехника в Красноярске, продажа спецтехники, купить спецтехнику, продажа спецтехники в Красноярске, купить спецтехнику в Красноярске', 'Спецтехника в Красноярске от компании «АвтоСпецМаш». продажа, ремонт, запчасти и другие услуги для любой спецтехники.', NULL, 3, '1', '08805e7f541bd087b965ac78b6f89659', 0, 0, NULL, '2018-10-05 03:59:41', 0, '2018-10-05 00:59:41', '2018-10-05 00:59:41'),
(81, 'Мир Инструмента, оптовая компания', 'www.instrument.ru', 'abakan@instrument.ru', NULL, '', 'Ручной инструмент оптом, силовое оборудование, слесарный инструмент, столярный инструмент, садовый инвентарь, бетоносмесители оптом, измерительный инструмент, отделочный инструмент, крепеж. Оптовая продажа инструмента.', 'Оптовая продажа отделочного, режущего, измерительного, столярного и другого инструмента, продажа силового оборудования, расходных материалов и сопутствующих товаров для ремонта. Садовый инвентарь и товары для отдыха оптом. ', NULL, 3, '1', '45a8b241c37f6864cc97742673289d80', 0, 0, NULL, '2018-10-05 03:59:42', 0, '2018-10-05 00:59:43', '2018-10-05 00:59:43'),
(82, 'Восток-Сервис, торгово-производственная компания', 'vostok.ru', 'akvs@kras.vostok.ru', NULL, 'Интернет-магазин спецодежды «Восток-Сервис» | Купить недорого рабочую одежду и спецобувь — оптом и в розницу', 'спецодежда, интернет-магазин спецодежды, рабочая одежда и спецобувь', 'Рабочая одежда, спецодежда и спецобувь недорого в каталоге Восток-Сервис. Интернет-магазин спецодежды. Купить рабочую одежду с доставкой', NULL, 26, '1', 'c3af1a7f1ea9c0d78dec3f2a79531679', 0, 0, NULL, '2018-10-05 03:59:43', 0, '2018-10-05 00:59:43', '2018-10-05 00:59:43'),
(83, 'Август Мото, торговая компания', 'www.avgustmoto.ru', 'avgustmobil@yandex.ru', NULL, '', 'сход-развал, сто, оборудование, каталог, инструменты, диагностическое, автохимия, автокосметика, августмото, avgustmoto', 'Каталог оборудования, поставляемого ООО Август Мото. Шиномонтажное оборудование, моечное, сто, пылесосы, пенокомплекты, прессы, инструменты, динамометры, подъемники, вулканизаторы и многое другое.', NULL, 26, '1', '57415c06ed5fc2867c7723c81d42aec6', 0, 0, NULL, '2018-10-05 03:59:45', 0, '2018-10-05 00:59:45', '2018-10-05 00:59:45'),
(84, 'Климат-сервис, ООО, торговая компания', 'www.climat-abakan.ru', 'climat-abakan@mail.ru', NULL, '', '', 'Купить климатическое оборудование по выгодным ценам в компании Климат Сервис, большой выбор климатического оборудования от ведущих производителей всегда в наличии и на заказ.', NULL, 26, '1', '728c1153bd763dac1311373ef317039f', 0, 0, NULL, '2018-10-05 03:59:46', 0, '2018-10-05 00:59:46', '2018-10-05 00:59:46'),
(85, 'Восточная Техника, ООО, официальный дилер', 'vost-tech.ru', 'egolovina@vost-tech.ru', NULL, '', 'спецтехника Caterpillar CAT Катерпиллер строительная техника дорожная лесозаготовительная силовое оборудование официальный дилер продажа', 'Восточная Техника: официальный дилер спецтехники Caterpillar (Катерпиллер). Продажа строительной, дорожной и др. видов техники CAT.', NULL, 26, '1', '9ef8bc6609b3c9f4fc20c575450c6cb0', 0, 0, NULL, '2018-10-05 03:59:47', 0, '2018-10-05 00:59:47', '2018-10-05 00:59:47'),
(86, 'Каскад, сеть магазинов-мастерских оборудования и инструмента', 'www.kaskadtools.ru', 'kaskad1976@list.ru', NULL, '', '', 'Интернет-магазин сети магазинов бензоэлектро инструмента и веломототехники Каскад. Огромный выбор различных товаров и запчастей.', NULL, 26, '1', '3b6d1526fd1d42710d975bffa10c6f4f', 0, 0, NULL, '2018-10-05 03:59:47', 0, '2018-10-05 00:59:47', '2018-10-05 00:59:47'),
(87, 'РАТИ-Снаб-Экспресс, ООО, торговая компания', 'snab-express.su', 'khakservice@mail.ru', NULL, '', '', 'Магазин строительных материалов Снаб-Экспресс предлагает ознакомиться с ассортиментом товаров. На сайте вы можете оформить заказ нужных стройматериалов.', NULL, 26, '1', '5ff25d15923cc23e1871a94d74cf428e', 0, 0, NULL, '2018-10-05 03:59:50', 0, '2018-10-05 00:59:50', '2018-10-05 00:59:50'),
(88, 'ККМ-Сервис, торгово-сервисная компания', 'www.kkms.ru', 'kkms.abakan@mail.ru', NULL, '', 'онлайн-кассы, кассовое оборудование, весовое оборудование, весы, торговое оборудование, весы для торговли, фискальный регистратор', 'У нас можно купить онлайн-кассы, кассовые аппараты, фискальные регистраторы, весы и другое торговое оборудование. ККМ-Сервис.', NULL, 26, '1', 'd05d326b4a097a2e3de6b85d2cf3ff27', 0, 0, NULL, '2018-10-05 03:59:50', 0, '2018-10-05 00:59:50', '2018-10-05 00:59:50'),
(89, 'АЗТО, ООО Абаканский завод торгового оборудования', 'www.aztotorg.ru', 'manager@aztotorg.ru', NULL, '', 'Абакан,  Холодильное, тепловое, нейтральное, упаковочное, пивное, мясоперерабатывающее, хлебопекарное, прачечное, климатическое, бактерицидное, гигиеническое, грузовое, оборудование, БУ, из Стекла, Этикет-пистолет, мебель для офиса, Joker и фурнитура, Стеллажи, Линии раздачи, зеркала, изделия из металла, весовое', 'Группа компаний «АЗТО» занимается поставкой, монтажом, гарантийным и сервисным обслуживанием оборудования разного торгового, и технологического назначения.', NULL, 26, '1', '8889a0262e98eab58bff6591c1d07c07', 0, 0, NULL, '2018-10-05 03:59:56', 0, '2018-10-05 00:59:56', '2018-10-05 00:59:56');
INSERT INTO `links` (`id`, `name`, `url`, `email`, `reciprocal_link`, `description`, `keywords`, `full_description`, `htmlcode_banner`, `catalog_id`, `status`, `token`, `check_link`, `views`, `comment`, `time_check`, `number_check`, `created_at`, `updated_at`) VALUES
(90, 'Русклимат Саяны, ООО, оптово-розничная компания', 'www.rusklimat.ru', 'rusklimat.abakan@yandex.ru', NULL, '', 'кондиционер водонагреватель сплит-система увлажнитель радиатор тепловые завесы тепловые пушки теплый пол обогрев насос конвектор котлы горелки бойлер ballu electrolux fuji hitachi boneco air-o-swiss plaston noirot ceilhit grundfos calpeda thermoscreens royal veab кондиционирование вентиляция воздухоочиститель монтаж vortice тропик Dia Norm Giersch Reflex Beretta компания русклимат', 'Кондиционеры BALLU,ZANISSI,ELECTROLUX,MITSUBISHI ELECTRIC. Водонагреватели Electrolux. Воздухоочистители и увлажнители BONECO AIR-O-SWISS, Electrolux, BALLU. Системы электрического отопления NOIROT. Теплые полы Electrolux. Тепловые пушки BALLU. Тепловые завесы BALLU. Котельное оборудование DE DIETRICH, HERMANN, GIERSCH. Расширительные баки и бойлеры REFLEX. Радиаторы водяного отопления ROYAL, DIA ', NULL, 26, '1', '2329430d557694b77bd6968a9ca3e56e', 0, 0, NULL, '2018-10-05 03:59:59', 0, '2018-10-05 00:59:59', '2018-10-05 00:59:59'),
(91, 'Свежий ветер, торгово-производственная компания', 'sveter19.ru', 's_veter@inbox.ru', NULL, '', '', 'Купить торговое оборудование в Абакане стало еще проще. У нас в наличии витрины, прилавки, стойки, экономпанели и др.', NULL, 26, '1', '5c7c2662a256d15d98e386018a61485f', 0, 0, NULL, '2018-10-05 03:59:59', 0, '2018-10-05 00:59:59', '2018-10-05 00:59:59'),
(92, 'Теплолюкс, торговая компания', 'www.teplomag-k.ru', 'teplolux-abakan@mail.ru', NULL, '', '', 'Компания ТЕПЛОМАГ', NULL, 26, '1', '371045df1ee3eaddc1b3bcc1720e1322', 0, 0, NULL, '2018-10-05 04:00:00', 0, '2018-10-05 01:00:00', '2018-10-05 01:00:00'),
(93, 'Ермак, сеть магазинов', 'www.ermak19.ru', 'vla1597@yandex.ru', NULL, '', 'бензо, электро, инструмент, крепеж', 'Ермак - главная страница', NULL, 26, '1', '62319570dbb45b4dba57ab3e65a646f4', 0, 0, NULL, '2018-10-05 04:00:02', 0, '2018-10-05 01:00:02', '2018-10-05 01:00:02'),
(94, 'Хакасский институт развития образования и повышения квалификации', 'ipk19.ru', 'book-ipk@khakasnet.ru', NULL, '', 'Государственное автономное образовательное учреждение Республики Хакасия дополнительного профессионального образования\r\n&quot;ХАКАССКИЙ ИНСТИТУТ РАЗВИТИЯ ОБРАЗОВАНИЯ И ПОВЫШЕНИЯ КВАЛИФИКАЦИИ&quot;', 'Государственное автономное образовательное учреждение Республики Хакасия дополнительного профессионального образования\r\n&quot;ХАКАССКИЙ ИНСТИТУТ РАЗВИТИЯ ОБРАЗОВАНИЯ И ПОВЫШЕНИЯ КВАЛИФИКАЦИИ&quot;', NULL, 3, '1', 'cec5ddc18e0626900ece6b63e49435ea', 0, 0, NULL, '2018-10-05 04:00:14', 0, '2018-10-05 01:00:14', '2018-10-05 01:00:14'),
(95, 'Хакасский колледж профессиональных технологий, экономики и сервиса', 'www.hkptes.ru', 'hk-ptes@mail.ru', NULL, '', 'Хакасия, Абакан, колледж, Хакасский, профессиональных технологий, экономики, сервиса, образование, среднее профессиональное ', 'Официальный сайт ГБПОУ РХ Хакасский колледж профессиональных технологий, экономики и сервиса', NULL, 3, '1', '8af9f072d48723fc9351e0c0fefc3447', 0, 0, NULL, '2018-10-05 04:00:31', 0, '2018-10-05 01:00:31', '2018-10-05 01:00:31'),
(96, 'Журавушка, детский сад', 'zhuravushka19.ru', 'juravushka007@mail.ru', NULL, '', 'журавушка, черногорск, детский сад', 'Детский сад Журавушка Черногорск', NULL, 3, '1', '70c0641aba64ac4967f16cc26dab771b', 0, 0, NULL, '2018-10-05 04:00:34', 0, '2018-10-05 01:00:34', '2018-10-05 01:00:34'),
(97, 'Хакасский центр охраны труда, ООО', 'www.hcot.ru', 'mail@hcot.ru', NULL, '', '', 'Полный комплекс услуг в области охраны труда', NULL, 29, '1', '502e566764e3677fb2bee6e175711c51', 0, 0, NULL, '2018-10-05 04:00:42', 0, '2018-10-05 01:00:42', '2018-10-05 01:00:42'),
(98, 'Росинка, детский сад', 'rosinka19.ru', 'rosinka_reg19@mail.ru', NULL, '', 'joomla, Joomla', 'Joomla! - the dynamic portal engine and content management system', NULL, 29, '1', '15f719438d01ff59241a89e922032229', 0, 0, NULL, '2018-10-05 04:00:46', 0, '2018-10-05 01:00:46', '2018-10-05 01:00:46'),
(99, 'Средняя общеобразовательная школа №18', 'xn--18-6kc3bfr2e.xn--80aaac0ct.xn--p1ai', 'school_19_010@mail.ru', NULL, '', '', 'Общая информация о школе', NULL, 29, '1', '8b52d684380b5dfa78a906500193cea8', 0, 0, NULL, '2018-10-05 04:00:50', 0, '2018-10-05 01:00:50', '2018-10-05 01:00:50'),
(100, 'Енисейская средняя общеобразовательная школа №3, с. Селиваниха', 'shkola.selivaniha.ru', 'selivaniha@yandex.ru', NULL, '', '', 'Официальный сайт муниципального бюджетного общеобразовательного учреждения Енисейской средней общеобразовательной школы №3', NULL, 29, '1', '5a353e2646170621e8f5d167dcdf2a76', 0, 0, NULL, '2018-10-05 04:01:05', 0, '2018-10-05 01:01:05', '2018-10-05 01:01:05'),
(101, 'Радуга, детский сад', 'raduga-ds.ru', 'shcool_19_265@mail.ru', NULL, '', 'joomla, Joomla', 'Joomla! - the dynamic portal engine and content management system', NULL, 29, '1', '7f9d7cdfa86a26a1292dba279c4cad5b', 0, 0, NULL, '2018-10-05 04:01:09', 0, '2018-10-05 01:01:09', '2018-10-05 01:01:09'),
(102, 'ТПУ, Томский политехнический университет, филиал в г. Абакане', 'www.tpu.ru', 'tpu.abakan@mail.ru', NULL, '', 'тпу, тпу томск, тпу официальный, сайт тпу, сайт тпу томск, tpu ru, томский политехнический, тпу официальный сайт, сайт тпу томск', 'Томский политехнический унивеситет', NULL, 29, '1', '87c3a42d74e2f672fb774a4a5a5a91bf', 0, 0, NULL, '2018-10-05 04:01:21', 0, '2018-10-05 01:01:21', '2018-10-05 01:01:21'),
(103, 'Мама-Коала, интернет-магазин', 'mama-koala.ru', 'info.mamakoala@gmail.com', NULL, '', 'беременность и роды, планирование семьи, брак и семья , ребенок и дитя, ребенку год, рождение ребенка , развитие ребенка , отношения в семье, семья и семейные отношения, отношения в браке, слинги, слинги для новорожденных, купить слинг, слинг с кольцами,  одежда для кормления, супруги, родители, вынашивание, папа и мама, здоровье ребенка, папа и ребенок, интернет-магазин, слинг шарф, абакан, слинги в абакане,  слингомама в абакане, слингомамы в абакане, клуб, мама коала', 'Сайт о семье, детях, беременности, родах. Вы можете прочитать интересные статьи на данную тематику, а также посетить интернет-магазин с недорогими товарами для', NULL, 3, '1', '0ee33579267a47983648399c665265da', 0, 0, NULL, '2018-10-05 04:01:25', 0, '2018-10-05 01:01:25', '2018-10-05 01:01:25'),
(104, 'Белая Леди, свадебный салон', 'white-ledy.ru', 'lira1192@mail.ru', NULL, '', '', 'Если ты хочешь стать самой красивой и счастливой невестой - приходи к нам! У нас самые красивые платья по доступным ценам и большой выбор всех аксессуаров!', NULL, 3, '1', '0e66b1ba9fc6972c22ee71d4239b0667', 0, 0, NULL, '2018-10-05 04:01:27', 0, '2018-10-05 01:01:27', '2018-10-05 01:01:27'),
(105, 'Regina Bottini, обувная оптовая компания, ООО РБ', 'reginabottini.ru', 'rb111@mail.ru', NULL, '', '', 'Самый большой выбор обуви по каталогу в Новосибирске. У нас можно купить обувь оптом и в розницу по доступным ценам и отменного качества. Быстрая доставка. Сезонные скидки.', NULL, 31, '1', '6a131228941373a198e6dff565cb60d9', 0, 0, NULL, '2018-10-05 04:01:28', 0, '2018-10-05 01:01:28', '2018-10-05 01:01:28'),
(106, 'WILDBERRIES, интернет-магазин модной одежды и обуви', 'wb.ru', 'sales@wildberries.ru', NULL, '', '', 'Коллекции женской, мужской и детской одежды, обуви, а также товары для дома и спорта. Информация о доставке и оплате. Таблицы размеров, советы по уходу за вещами.', NULL, 31, '1', '3fe801d82c764dff7972eafe4781868b', 0, 0, NULL, '2018-10-05 04:01:29', 0, '2018-10-05 01:01:29', '2018-10-05 01:01:29'),
(107, 'Саян-Обувь, ООО, торгово-производственная компания', 'sobuv.ru', 'sayan_obov@mail.ru', NULL, '', 'Кожаная обувь, производство обуви, Интернет магазин российской обуви элитных марок, Мужская только кожаная обувь оптом и в розницу в Москве, Абакане, Новосибирске, Красноярске от интернет-магазина Саян-Обувь', 'Кожаная обувь, производство обуви, Интернет магазин российской обуви элитных марок, Мужская только кожаная обувь оптом и в розницу в Москве, Абакане, Новосибирске, Красноярске от интернет-магазина Саян-Обувь', NULL, 31, '1', 'cc37c66cfd112bf15ef971b1961af6b0', 0, 0, NULL, '2018-10-05 04:01:29', 0, '2018-10-05 01:01:29', '2018-10-05 01:01:29'),
(108, 'Спецстиль, торгово-производственная компания', 'specsib.ru', 'specpromtorg1@yandex.ru', NULL, '', 'спецодежда, магазин, пошив, изготовление, одежда, обувь, рабочая одежда, активный отдых, экипировка, рабочая обувь, униформа, средства защиты, инструмент, продукция, каталог, товар, прайс, опт, розница, Neomid, красноярск, абакан, хакасия, каталог товаров', 'Сеть оптово–розничных магазинов спецодежды и спецобуви по Красноярскому Краю и Республики Хакасия', NULL, 31, '1', 'a1ca0941801e84f51768d02513b9875c', 0, 0, NULL, '2018-10-05 04:01:30', 0, '2018-10-05 01:01:30', '2018-10-05 01:01:30'),
(109, 'M.REASON, бутик женской одежды', 'm-reason.com', 'statusw7w@yandex.ru', NULL, '', 'm.reason', 'Интернет-магазин M.Reason предлагает широкий выбор брендовой одежды для женщин. Стильные платья, блузоны, пальто, куртки, плащи различных фасонов. Создайте неповторимый образ уже сейчас! Звоните: 8(800)200-16-22', NULL, 31, '1', '3554c068896bd197ca344f862fb701e4', 0, 0, NULL, '2018-10-05 04:01:33', 0, '2018-10-05 01:01:33', '2018-10-05 01:01:33'),
(110, 'Товары и услуги для всех, интернет-магазин', 'tiu19.ru', 'tiu19@mail.ru', NULL, '', '', 'Товары и услуги Хакасии', NULL, 31, '1', '7275c494cc91f0632c84555f4cb0f874', 0, 0, NULL, '2018-10-05 04:01:33', 0, '2018-10-05 01:01:33', '2018-10-05 01:01:33'),
(111, 'У Чебурашки, интернет-магазин', 'ucheburashki.ru', 'ucheburashki@mail.ru', NULL, '', 'детский интернет-магазин товары для детей игры игрушки детская одежда купить Чебурашки', 'Интернет магазин &quot;У чебурашки&quot;', NULL, 31, '1', '63d09ee04c1eeb95b2263efedf94d55f', 0, 0, NULL, '2018-10-05 04:01:33', 0, '2018-10-05 01:01:33', '2018-10-05 01:01:33'),
(112, 'Белый танец, салон свадебной и вечерней моды', 'white-dance.ru', 'white-dance.abakan@mail.ru', NULL, '', 'Свадебные платья, вечерние, выпускные, коктейльные, бальные, свадебный салон, фото, купить, Сочи, свадебная обувь, аксессуары, свадебное оформление, свадеб, фото', 'Свадебный наряд, салон свадебной и вечерней моды, Белый Танец, Свадебные платья Сочи, вечерние платья, выпускные платья, свадебный салон, платья фото, купить платья в Сочи, свадебные аксессуары, свадьба фото, недорогие платья', NULL, 31, '1', '1f2ad601b158cf523020a682220c6bd4', 0, 0, NULL, '2018-10-05 04:01:33', 0, '2018-10-05 01:01:33', '2018-10-05 01:01:33'),
(113, 'Аудит-01, компания по пожарной безопасности', 'xn---01-5cduy4ef.xn--p1ai', 'audit_01@bk.ru', NULL, '', 'аудит-01, пожарный, аудит, безопасность, автоматика, оповещение, огнезащита, огнетушители', 'ООО Аудит-01 - Аудит пожарной безопасности, расчет пожарных рисков', NULL, 3, '1', '525b83e78fa8ccd9e0af8306d406754c', 0, 0, NULL, '2018-10-05 04:01:34', 0, '2018-10-05 01:01:34', '2018-10-05 01:01:34'),
(114, 'РосИнкас, Хакасское республиканское управление инкассации', 'www.rosinkas.ru', 'khakassia@rosinkas.ru', NULL, '', '', 'Официальный сайт РОСИНКАС. Объединение «РОСИНКАС» предлагает профессиональные услуги по перевозке ценностей, наличных денег, \r\n    инкассации, кассовому обслуживанию в части обработки наличных денег на всей территории России.', NULL, 3, '1', '06382463cc9f5349ba9bf5d4423d9498', 0, 0, NULL, '2018-10-05 04:01:34', 0, '2018-10-05 01:01:34', '2018-10-05 01:01:34'),
(115, 'Колосок, производственная компания', 'pkkolosok.ru', 'kolosok2005@rambler.ru', NULL, '', 'колосок, хлеб, сдоба, торты, минусинск, абакан, торт, кондитерские', 'Изготовление хлеба, кондитерских и хлебобулочных изделий', NULL, 3, '1', 'da211feac5795e8c93e363c44df83110', 0, 0, NULL, '2018-10-05 04:01:40', 0, '2018-10-05 01:01:40', '2018-10-05 01:01:40'),
(116, 'Абаканская, ОАО, кондитерская фабрика', 'akf.ru', 'kond.fabrika@akf.ru', NULL, '', 'домен, регистрация доменов, РФ, RU, COM, аукцион доменов, хостинг, почта, освобождающиеся домены', 'RU-CENTER - регистрация доменных имен .РФ, .RU, .SU, .COM... Хостинг сайтов и DNS-серверов. Продажа и покупка домена на аукционе. Освобождающиеся домены.', NULL, 3, '1', '9074f235e47bdd7b02dec27c8262de4a', 0, 0, NULL, '2018-10-05 04:01:40', 0, '2018-10-05 01:01:40', '2018-10-05 01:01:40'),
(117, 'МОЛОКО, ОАО, производственная компания', 'www.oao-moloko.ru', 'market@oao-moloko.ru', NULL, '', 'продукты,полезные продукты, какие продукты, магазин продуктов, продуктовый, еда, здоровье, молоко, масло, творог, сибиринка, лавка полезные продукты, диета, минусинское молоко', 'Открытое акционерное общество «Молоко» города Минусинска является одним из старейших перерабатывающих предприятий молочной промышленности Красноярского края.', NULL, 35, '1', 'dc048901dc3c2c7cd7f6364405a74e2a', 0, 0, NULL, '2018-10-05 04:01:41', 0, '2018-10-05 01:01:41', '2018-10-05 01:01:41'),
(118, 'Альпина, ООО, торгово-производственное предприятие', 'www.zavod-alpina.ru', 'pivoalpina@yandex.ru', NULL, '', '', 'Завод «Альпина» — производство пива, газированных напитков и питьевой воды высокого качества', NULL, 35, '1', '72bb561d2157cf6d90ef8a5a4bfd5a73', 0, 0, NULL, '2018-10-05 04:01:42', 0, '2018-10-05 01:01:42', '2018-10-05 01:01:42'),
(119, 'Фортуна, ООО, торгово-производственная компания', 'xn--80ahe5a1a0a3a.xn--p1ai', 'udacha_ab@mail.ru', NULL, '', 'домен, домены, покупка, аренда, .ru, .su, .рф, domain, domains, ключ, ключевик, сайт, site, имя, name', 'Магазин доменных имен. Покупка и аренда доменов ключевиков .ru, .su, .рф', NULL, 35, '1', 'c3dbac9d8451f97bc8e968294ab54429', 0, 0, NULL, '2018-10-05 04:01:44', 0, '2018-10-05 01:01:44', '2018-10-05 01:01:44'),
(120, 'РИЦ, типография', 'ricv.ru', '23406@mail.ru', NULL, '', 'Буклеты, листовки, оперативная печать, журналы, книги, плакаты', 'Типография', NULL, 3, '1', 'bc8763c1aa07afcf03ab04036b87289a', 0, 0, NULL, '2018-10-05 04:01:44', 0, '2018-10-05 01:01:44', '2018-10-05 01:01:44'),
(121, 'RFsms.ru, служба смс-рассылки', 'rfsms.ru', 'info@rfsms.ru', NULL, '', 'СМС рассылки, отправка смс, смс уведомления, сервсис смс рассылок', 'Отправляйте СМС-рассылки по своим клиентам и повышайте продажи. Удобный личный кабинет, API, интеграция с 1С', NULL, 3, '1', 'e34ea1fae44911cf86670be3c1d95b20', 0, 0, NULL, '2018-10-05 04:01:55', 0, '2018-10-05 01:01:55', '2018-10-05 01:01:55'),
(122, 'Город, информационное радиотелевизионное агентство', 'irta-abakan.ru', 'irta-com@mail.ru', NULL, '', '', 'Строительство частных домов', NULL, 3, '1', 'f666bd6058eca897d91e371134ae179d', 0, 0, NULL, '2018-10-05 04:01:56', 0, '2018-10-05 01:01:56', '2018-10-05 01:01:56'),
(123, 'Хакасия, газета', 'gazeta19.ru', 'khakred@mail.ru', NULL, '', 'Новости и события в Хакасии', 'Главные новости Хакасии', NULL, 38, '1', '30296b60c715d75c03ba441d18adac34', 0, 0, NULL, '2018-10-05 04:07:48', 0, '2018-10-05 01:07:48', '2018-10-05 01:07:48'),
(124, 'Зенон-Красноярск, торговая компания, представительство в г. Абакане', 'www.zenonline.ru', 'krs@zenonline.ru', NULL, '', 'зенон, рекламные поставки, zenon, все для изготовления рекламы', 'Компания ЗЕНОН-Рекламные Поставки - российский лидер в области производства и поставок материалов, оборудования и технологий для изготовления рекламы.', NULL, 38, '1', '4a44d2176eb0a393552f8cf3d236b4da', 0, 0, NULL, '2018-10-05 04:07:49', 0, '2018-10-05 01:07:49', '2018-10-05 01:07:49'),
(125, 'Власть труда, газета', 'www.vtruda.ru', 'mail@vtruda.ru', NULL, '', 'новости минусинска, новости минусинска сегодня, власть труда, газета власть труда, власть труда минусинск, газета минусинск', 'Информационный портал общественно-политической газеты города Минусинска и Минусинского района', NULL, 38, '1', 'ee3e983eb8d2c44cdda974bdd77e05d6', 0, 0, NULL, '2018-10-05 04:07:52', 0, '2018-10-05 01:07:52', '2018-10-05 01:07:52'),
(126, 'Перцы, студия рекламы', 'percireklama.ru', 'perci_reklama@mail.ru', NULL, '', 'перцы, сайт, реклама', 'Главная страница сайта', NULL, 38, '1', '7b97132a743f72235ec629ece36fcea5', 0, 0, NULL, '2018-10-05 04:07:56', 0, '2018-10-05 01:07:56', '2018-10-05 01:07:56'),
(127, 'Товары и услуги Хакасии и юга Красноярского края, бизнес-журнал', 'sib-info.ru', 'portal@sib-info.ru', NULL, '', 'магазины предприятия организации города, бизнес хакасии, продажа, услуги, черногорск, магазины предприятия тувы, магазины предприятия черногорска, магазины предприятия сорска, магазины предприятия минусинска, бизнес, адреса компаний, предприятия магазины компании хакасии, компании тувы, телефонный справочник, ', ' ', NULL, 38, '1', '984f6a3bf4596427d42bb1bfae216373', 0, 0, NULL, '2018-10-05 04:07:59', 0, '2018-10-05 01:07:59', '2018-10-05 01:07:59'),
(128, 'Радуга, рекламно-производственная фирма', 'raduga19.ru', 'ra_duga.ru@mail.ru', NULL, '', 'реклама Абакан, Минусинск, наружная реклама, изготовление рекламы, объемные буквы, световая реклама, печать баннеров, вывески, объемные буквы, рекламное агентство', 'Наружная реклама в Абакане, вывески, объемные буквы, оформление фасадов, стенды, реклама на транспорте. Производство и обслуживание', NULL, 38, '1', '98ab750dcff5c1d78eeff02f34778ac4', 0, 0, NULL, '2018-10-05 04:08:00', 0, '2018-10-05 01:08:00', '2018-10-05 01:08:00'),
(129, 'Логос, рекламно-производственная фирма', 'ra-logos.ru', 'ra_grandprint@mail.ru', NULL, '', '', 'Производство рекламы в Абакане и Республике Хакасия. Основное направление — печать баннеров, пленки, разработка, изготовление и производство наружной рекламы.', NULL, 38, '1', '26c50b35d25e2f11423d4c9eaecefab8', 0, 0, NULL, '2018-10-05 04:08:00', 0, '2018-10-05 01:08:00', '2018-10-05 01:08:00'),
(130, 'Реклама Хакасии, рекламно-полиграфическая компания', 'reklama.khakassia.ru', 'reklama.khakassia@yandex.ru', NULL, '', 'реклама в Абакане, реклама Абакан, заказать рекламу в Абакане, заказать рекламу, сувенирная и представительская продукция, футболки, печать на футболках, печать на сувенирах, интерьераная печать, банданы, печать на банданах, бейсболки, печать на бейсболках, широкоформатная печать, полиграфия, полиграфическая продукция, буклеты, визитки, календари, изготовление календарей, изготовление квартальных календарей, изготовление настольных календарей, печать на ручках, печать на пакетах, печать на тарелках, печать на кружках, сувениры, сувенирная продукция', 'Рекламные услуги Абакана, Хакасии', NULL, 38, '1', 'a2336cb0bab50ec2a886dcb21f65dc92', 0, 0, NULL, '2018-10-05 04:08:01', 0, '2018-10-05 01:08:01', '2018-10-05 01:08:01'),
(131, 'Рекламат, торговая компания', 'www.tripi.ru', 'reklamat@mail.ru', NULL, '', 'Абакан Материалы для производства рекламмы, Поликарбонат,Теплицы, Парники,Светодиодная техника блоки питания,Плоттерные ножи,Стальные двери КНР.', 'Абакан.Сотовый поликарбонат,Теплицы.\r\nОргстекло,ПВХ,ПЭТ,Парники с покрытием,Стальные двери, Козырьки Reboss.Светодиодная техника Кристалайт,Плоттерные ножи.', NULL, 38, '1', '37f2a373fd997e8b1c92a30eab7d9e35', 0, 0, NULL, '2018-10-05 04:08:02', 0, '2018-10-05 01:08:02', '2018-10-05 01:08:02'),
(132, 'Пирамида, ООО, рекламное агентство', 'r-piramida.ru', 'ria-piramida@mail.ru', NULL, '', 'листовка, визитка, буклет, папка, сувенирка, кружки, пакеты,издательская деятельность, реклама в журналах, реклама в газетах, бизнес путеводитель, тувинский экспресс, светодиодная бегущая строка, светодиодные бегущие строки, бегущая строка, светодиодная строка Рекламная печатная продукция, светодиодная бегущая строка,рекламное агентство, Абакан, ,полиграфия', 'Рекламно-издательское агентство ', NULL, 38, '1', 'b92c0135795a657ff483c3ca0faef400', 0, 0, NULL, '2018-10-05 04:08:02', 0, '2018-10-05 01:08:02', '2018-10-05 01:08:02'),
(133, 'Эластика, ООО, типография', 'xn--80aaxic1bh8f.xn--p1ai', 'tmp-elastica@yandex.ru', NULL, '', 'этикетка, типография, пленка,', 'Этикетки, Этикетки бумажные, Этикетки на пленке, Цифровые этикетки, Самоклеящаяся этикетка ', NULL, 38, '1', 'da7ee7b033b850ec48d3a20d44b2e285', 0, 0, NULL, '2018-10-05 04:08:03', 0, '2018-10-05 01:08:03', '2018-10-05 01:08:03'),
(134, 'РТС, телекомпания', 'tvrts.ru', 'tv-rts@mail.ru', NULL, '', 'Новости и события в Хакасии', 'Главные новости Хакасии', NULL, 38, '1', '0348441e8738966c0bcb0c46a600944d', 0, 0, NULL, '2018-10-05 04:08:06', 0, '2018-10-05 01:08:06', '2018-10-05 01:08:06'),
(135, 'Территория выбора, журнал', 'terra19tv.ru', 'tvybor@yandex.ru', NULL, '', 'porn,porn movies,free porn,free porn movies,sex,porno,free sex,tube porn,tube,videos,full porn,xxnx,xnxxx,xxx,pussy,', 'XNXX delivers free sex movies and fast free porn videos (tube porn). Now 10 million+ sex vids available for free! Featuring hot pussy, sexy girls in xxx rated porn clips.', NULL, 38, '1', '75d319067a8739fbd2a6ed4dd564df40', 0, 0, NULL, '2018-10-05 04:08:10', 0, '2018-10-05 01:08:10', '2018-10-05 01:08:10'),
(136, '1001 тур, туристическое агентство', 'www.1001tur.ru', 'abakan@1001tur.ru', NULL, '', '\nКупить тур цена недорого путешествие форма подбора онлайн сайт турагентство отдых путевка\n', '\nТуры от всех туроператоров на официальном сайте 1001 Тур. Удобная форма поиска туров. Цена от 0 рублей. Более 22975854 путевок на 2018-2019г. в каталоге 1001tur.ru ✓ Сеть турагентств в Москве и по всей России предлагает горящие, пляжные, экскурсионные, туры с детьми ✓ 16 акций от турфирмы 1001 тур ✓ Новости и выгодные предложения от компании ✓ Позволь себе отдых - это совсем недорого\n', NULL, 3, '1', '5aae51fb62e6d826125faaca0a5b31f6', 0, 0, NULL, '2018-10-05 04:08:12', 0, '2018-10-05 01:08:12', '2018-10-05 01:08:12'),
(137, 'Мастер отдыха, туристическое агентство', 'masterot.ru', 'abakan@masterot.ru', NULL, '', 'поиск туров, заказ туров, найти тур, заказать тур, горячие туры, горящие туры, туры в египет, туры в турцию, туры в испанию', 'Сеть турагентств «Мастер Отдыха» - поиск туров, бронирование туров, спецпредложения, страхование, тур. sim-карты, бронирование отелей, каталог отелей, заказ такси, авиабилеты и ж/д билеты и многое др.', NULL, 3, '1', 'dc45ec8a002ffa573c7433a71063fc03', 0, 0, NULL, '2018-10-05 04:08:13', 0, '2018-10-05 01:08:13', '2018-10-05 01:08:13'),
(138, 'Сафари тур, туристическое агентство', 'safari24.ru', 'abakan@safari24.ru', NULL, '', '', 'Турфирма Сафари-тур с офисами в Красноярске, Железногорске и Абакане. Предлагаем выгодные туры и в Таиланд, Турцию, Египет, Китай, в страны Европы и по другим туристическим направлениям. На нашем сайте также размещены каталог отелей, подробная информация о странах, спецпредложения.', NULL, 3, '1', '2fe079b01cb0be656d0e2e20f36a0b30', 0, 0, NULL, '2018-10-05 04:08:14', 0, '2018-10-05 01:08:14', '2018-10-05 01:08:14'),
(139, 'Diskus, магазин снаряжения для подводной охоты и дайвинга', 'www.diskus.ru', 'diskus_hak@mail.ru', NULL, '', 'подводное ружье, снаряжение для дайвинга, подводное снаряжение, подводная охота, гидрокостюм, ласты, дайвинг, оборудование для дайвинга, diving, подводное плавание', 'Дискус - интернет магазин по оборудованию для дайвинга', NULL, 41, '1', 'e121d400641c6b5fb999892f893cb3e6', 0, 0, NULL, '2018-10-05 04:08:17', 0, '2018-10-05 01:08:17', '2018-10-05 01:08:17'),
(140, 'Абакан, гостиница', 'www.abakan-hotel.ru', 'gosti19@yandex.ru', NULL, '', 'Отель в Абакане Отель Абакан Отели Абакана Гостиница в Абакане гостиница Абакан гостиницы Абакана Квартиры посуточно в Абакане квартиры посуточно Абакан квартиры на сутки в Абакане гостиницы Абакана Парк-Отель Сибирь  Кантегир  Анзас  Дружба Персона аренда в квартирах', 'ООО Отель Абакан', NULL, 41, '1', 'b4010500085654f418cca5f97a444d26', 0, 0, NULL, '2018-10-05 04:08:25', 0, '2018-10-05 01:08:25', '2018-10-05 01:08:25'),
(141, 'ДЮСШ по конному спорту', 'horse19.ru', 'info@horse19.ru', NULL, 'О нас:', 'г.Абакан, Республика Хакасия, Респ. Хакасия, Хакасия, абакан, Кони, конный спорт, детско-юношеские занятия спортом, Конный спорт, федерация конного спорта Хакасии, ДЮСШ по конному спорту Хакасии, ДЮСШ РХ по конному спорту,Дополнительное образование для детей,ГАОУ РХ ДОД «ДЮСШ по конному спорту»,г.Абакан ул. Чкалова,39', 'Официальный Интернет-Сайт Спортивной Школы по конному спорту Республики Хакасия', NULL, 41, '1', 'e402364357e1dedcf199b2867051bf7e', 0, 0, NULL, '2018-10-05 04:08:26', 0, '2018-10-05 01:08:26', '2018-10-05 01:08:26'),
(142, 'Княжий двор, база отдыха', 'bazakndvor.ru', 'info@kn-dvor.ru', NULL, '', '', 'This website has been suspended.', NULL, 41, '1', '98d8f5aa050910c4b33a3f37956c3622', 0, 0, NULL, '2018-10-05 04:08:26', 0, '2018-10-05 01:08:26', '2018-10-05 01:08:26'),
(143, 'Пятый океан, парапланерный клуб', 'www.parasayan.ru', 'info@parasayan.ru', NULL, '', 'парапланерная,школа,свежая,информация,парапланеризм,кайтинг,параплан,кайт,Саяны,Хакасия,интересные,статьи,красочный,фотоархив,подробная,тандем,лётные,места,обучение,катани…', 'Так что же такое парапланеризм? Парапланеризм &#8212; это не спорт и не отдых, не труд и не&#8230;', NULL, 41, '1', '9e9a0e6b4d7b7f8a28ade61310cd0c0a', 0, 0, NULL, '2018-10-05 04:08:27', 0, '2018-10-05 01:08:27', '2018-10-05 01:08:27'),
(144, 'Лодки Сибири, торговая компания', 'lodki-sibiri.ru', 'lodki-sibiri@yandex.ru', NULL, '', 'Лодки Квинтрекс (Quintrex), Лодки ПВХ Фрегат, Лодки ПВХ Флагман, Подвесные лодочные моторы Mercury, Подвесные лодочные моторы Hidea, Подвесные лодочные моторы Zongshen, эхолоты и навигаторы Garmin', 'Хочешь купить лодку Квинтрекс, лодку ПВХ Фрегат, подвесной лодочный мотор Хайди, Эхолот, навигатор, все здесь - компания &quot;Лодки Сибири&quot;.', NULL, 41, '1', '8c4a1cd831979dc81e9c5d7080435912', 0, 0, NULL, '2018-10-05 04:08:27', 0, '2018-10-05 01:08:27', '2018-10-05 01:08:27'),
(145, 'Минусинск, гостиница', 'hotel-minusinsk.ru', 'mail@hotel-minusinsk.ru', NULL, '', 'гостиница, минусинск', 'гостиница минусинск, гостиница в минусинске', NULL, 41, '1', '9bb12f8398068b2ff80d3480c76e87bc', 0, 0, NULL, '2018-10-05 04:08:28', 0, '2018-10-05 01:08:28', '2018-10-05 01:08:28'),
(146, 'Tam Tam, турагентство', 'tamtamtravel.ru', 'mirblige@mail.ru', NULL, '', '\"горящие туры из красноярска, таиланд из красноярска, тайланд паттайя, туристические агентства красноярска, горящие путевки из красноярска, тайланд\"', '\"Предложения для всех любителей путешествовать -прямые туры из Красноярска.  Отдых на островах, индивидуальные  туры, свадебные путешествия, семейный отдых, автобусные туры и многое другое. Возможность выбрать страну и отель онлайн.\"', NULL, 41, '1', '44c7a2c4d637de25eabaaf96987713c6', 0, 0, NULL, '2018-10-05 04:08:31', 0, '2018-10-05 01:08:31', '2018-10-05 01:08:31'),
(147, 'Сибирь-Транзит, туристическое агентство', 'www.sibirtranzit.com', 'office@sibirtranzit.com', NULL, '', 'Lloyd Kados Derbies,Givenchy Bottes En Cuir,Elizabeth Stuart Chaussures.', 'Tricker Chaussures À Lacets,Adidas Originals NMD_R1 - Baskets Basses,Elizabeth Stuart Ballerines,O\'Neill Tongs White/Pink Or Purple,Dr. Martens Bottes Lacées,Cousu Main Espadrilles.', NULL, 41, '1', '2c359bbdb2e293856eb9f3090f014a1e', 0, 0, NULL, '2018-10-05 04:08:35', 0, '2018-10-05 01:08:35', '2018-10-05 01:08:35'),
(148, 'Бегущая по волнам, дом отдыха, Представительство в городе', 'prestige-tour.ru', 'prestige2004@list.ru', NULL, '', '', 'Одно из лучших мест для проживания на курорте «Озеро Шира» — дом отдыха «Бегущая по волнам».', NULL, 41, '1', 'ff5cb88d014d655fb48c46d128b42816', 0, 0, NULL, '2018-10-05 04:08:39', 0, '2018-10-05 01:08:39', '2018-10-05 01:08:39'),
(149, 'Riviera club, туристическое агентство', 'rivclub.ru', 'riviera_club@mail.ru', NULL, '', 'Keywords', 'Description', NULL, 41, '1', '4bf385659da7f31553a9439258d6008e', 0, 0, NULL, '2018-10-05 04:08:43', 0, '2018-10-05 01:08:43', '2018-10-05 01:08:43'),
(150, 'Санрайз, туристическое агентство', 'sunsib.ru', 'sunrise-siberia@mail.ru', NULL, '', 'турагентства абакана, туроператоры ', 'Турагентство Санрайз в Абакане большой выбор туров в разные уголки планеты, качественный сервис по привлекательной цене.', NULL, 41, '1', 'abb931c4801340c80140cea79f01e12f', 0, 0, NULL, '2018-10-05 04:08:44', 0, '2018-10-05 01:08:44', '2018-10-05 01:08:44'),
(151, 'ДиЛор, туроператор', 'www.turdelor.com', 'tur@delor.ru', NULL, '', 'Хакасия, туроператор, Тыва, Тува, Шерегеш, Сибирь, туризм, отдых, экскурсии, индивидуально, группы, Пещера Кашкулакская, Озеро Беле, Озеро Тус, Салбыкский Курган, Озеро Тиберкуль, Шушенское, Крепость Чалпан, Озеро Иткуль, Крепость Тарпиг, Археологическая, Белая Лошадь, Великий чайный путь, СШГЭС, Абакан, Минусинск, Казановка, Улуг Хуртуях-Тас, Вершина Теи, Ергаки, Боярская Писаница, Горы Сундуки, Тропа Предков, Белый Июс, Бородинская, Ящик Пандоры, Ивановские озера, Каменная корона, Барсучий Лог, Хакасские традиции, спелеотуризм, путешествия, активные туры, походы, шаманы, ночные экскурсии, Шира', 'ДиЛор Туроператор по Хакасии и Тыве. Туры в Хакасию, Тыву, Шерегеш, по Сибири. Индивидуальные и групповые экскурсии по Хакасии. Конные прогулки, пешие маршруты, спелеотуры в Хакасию и Туву. Загадочная Хакасия, хакасские традиции и шаманы. Экскурсии из Шира', NULL, 41, '1', '85ada9c12a1dfd2d12fea1f8c33aab8f', 0, 0, NULL, '2018-10-05 04:08:46', 0, '2018-10-05 01:08:46', '2018-10-05 01:08:46'),
(152, 'КрепМаркет, магазин крепежа', 'krepmarket.ru', '35510@mail.ru', NULL, '', '', 'Крепмаркет имеет все инструменты, в широком ассортименте крепеж, метизы, cаморезы, болты, нержавейка А2 А4, латунь.', NULL, 3, '1', '116ab09895922bb20c572c5e5a26b71e', 0, 0, NULL, '2018-10-05 04:08:48', 0, '2018-10-05 01:08:48', '2018-10-05 01:08:48'),
(153, 'Лик, ООО, торговая компания', 'xn--24-vlcid.xn--p1ai', '355164@mail.ru', NULL, '', '', 'Недавно удалось покататься на сигвее, точнее на его мини-версии. Мини-сигвей Ninebot Mini отличается от обычного сигвея тем, что имеет куда более компактный вид. Другое название мини-сигвея — гироскутер. Гироскутер или мини-сигвей позиционируется как средство передвижения, но на данный момент это средство развлечения. В  основном  этому  способствует тот факт, что мини-сигвей представляет собой компактную платформу, которой можно управлять с помощью тела. Большинство людей думает, что это нечто вроде скейта, или роликовых коньков. Но это скорее странный электромопед. Сигвей поднимается даже в горку под небольшим уклоном. В движении сигвей практически бесшумен, движение плавное, как по маслу. Если Ninebot Mini не используется несколько секунд, то с целью экономии заряда батареи, устройство автоматически выключается.', NULL, 3, '1', '2f592abc65cf2be71e80a9bc22193390', 0, 0, NULL, '2018-10-05 04:08:52', 0, '2018-10-05 01:08:52', '2018-10-05 01:08:52'),
(154, 'Абакан-Неболэнд, торговая компания', 'www.neboland.ru', 'abakan@neboland.ru', NULL, '', 'натяжные потолки новосибирск,натяжные потолки производство,натяжные потолки монтаж,натяжные потолки комплектующие,рулонные шторы,фотообои,фотопечать,светильники,переходы уровней', 'ПРОИЗВОДСТВО НАТЯЖНЫХ ПОТОЛКОВ  Наша организация является крупным производителем натяжных потолков НебоЛэнд и комплектующих. Производство натяжных потолков и комплектующих базируется в городе Новосибирск. Филиалы компании', NULL, 43, '1', '1b9f4a4cb21189cc9d4f16afcabd75e7', 0, 0, NULL, '2018-10-05 04:08:53', 0, '2018-10-05 01:08:53', '2018-10-05 01:08:53'),
(155, 'Декор-Террако, салон-магазин декоративных штукатурок', 'www.decor-master.net', 'abakan@terrako.ru', NULL, '', 'салон-магазин Декор-Террако', 'салон-магазин Декор-Террако', NULL, 43, '1', '93307e0cd59a57316614cccee0e85c3a', 0, 0, NULL, '2018-10-05 04:08:53', 0, '2018-10-05 01:08:53', '2018-10-05 01:08:53'),
(156, 'Центр напольных покрытий, интернет-магазин', 'laminat19.ru', 'andy3770@gmail.com', NULL, '', 'Информация о компании, описание компании, телефон, адрес, предоставляемые товары и услуги, &#34;&#34;Ламинат19.RU&#34;. Продажа ламината, линолеума, обоев, дверей в Абакане.&#34;', '&#34;&#34;Ламинат19.RU&#34;. Продажа ламината, линолеума, обоев, дверей в Абакане.&#34; - контактная информация, товары и услуги', NULL, 43, '1', 'fb3cf853e1e0ab7b0162e662397c5da6', 0, 0, NULL, '2018-10-05 04:08:55', 0, '2018-10-05 01:08:55', '2018-10-05 01:08:55'),
(157, 'Автоматика Сервис, ООО, торгово-монтажная компания', 'www.a-servis.biz', 'a-servis.reg@bk.ru', NULL, '', 'Капитальный ремонт домов', 'Капитальный ремонт домов', NULL, 43, '1', '853b0381eb939cf80f5bcb3c7fc6af2d', 0, 0, NULL, '2018-10-05 04:08:56', 0, '2018-10-05 01:08:56', '2018-10-05 01:08:56'),
(158, 'БРВ-Энерго, ООО, завод железобетонных изделий', 'xn----9sbdfj1cjke1k.xn--p1ai', 'brv-energo@mail.ru', NULL, '', 'опора ЛЭП производство железобетонный стойки св', 'Компания БРВ-Энерго занимается производством опор ЛЭП (железобетонных стоек СВ). На сайте вы можете узнать характеристики изделий и заказать товар.', NULL, 43, '1', 'a516f40a67aa6f91cc11a33ec4294684', 0, 0, NULL, '2018-10-05 04:09:04', 0, '2018-10-05 01:09:04', '2018-10-05 01:09:04'),
(159, 'ГРАНТ сервис, торговая компания', 'xn--80aebjq1atdhef.xn--p1ai', 'grantservise@mail.ru', NULL, '', 'гаражные ворота, привода для ворот, промышленные ворота,ворота в Абакане,Кызыле, Юг Красноярского края, Hormann', 'Hormann,ворота в Абакане,Кызыле,Юг Красноярского края, Херман, привода для ворот в Абакане', NULL, 43, '1', 'fb1d31e5096cb93e67121d2814c7d7a8', 0, 0, NULL, '2018-10-05 04:09:08', 0, '2018-10-05 01:09:08', '2018-10-05 01:09:08'),
(160, 'Центр Кирпича, ООО, торговая компания', 'centrk.ru', 'info@centrk.ru', NULL, '', 'кирпич, в Иркутске, продажа, цена', 'Продаем кирпич в Иркутске по доступным ценам. Всегда на складе облицовочный кирпич. Осуществляем вагонные поставки кирпича. Купить кирпич в нашей компании очень выгодно.', NULL, 43, '1', 'a0e7e760abbc8853029ecc162f1d858a', 0, 0, NULL, '2018-10-05 04:09:09', 0, '2018-10-05 01:09:09', '2018-10-05 01:09:09'),
(161, 'СтальМонтаж и К, производственная компания', 'www.sm-abakan.ru', 'info@sm-abakan.ru', NULL, '', 'резервуары емкости металлоконструкции абакан хакасия красноярск строительство изготовление монтаж металл РВС РГС антенные опоры вышки сотовой связи плазменная резка водонапорная башня', 'Изготовление и монтаж емкостей, резервуаров, антенных опор, вышек сотовой связи, металлоконструкций, водонапорных башен.', NULL, 43, '1', 'c22d98c16c3f277173ef043d99c2bb28', 0, 0, NULL, '2018-10-05 04:09:10', 0, '2018-10-05 01:09:10', '2018-10-05 01:09:10'),
(162, 'АбаканСтрой, ООО', 'www.sibteplokomplekt.ru', 'ivanov_stk@mail.ru', NULL, '', '', 'Низкие цены на продукцию. &quot;СибТеплоKомплект&quot; – Ваш партнeр в области строительных изоляционных материалов и систем утепления. Звоните ☎ 8 (3902) 39-77-07', NULL, 43, '1', '4279eff457a467ee2d975345c7724b87', 0, 0, NULL, '2018-10-05 04:09:14', 0, '2018-10-05 01:09:14', '2018-10-05 01:09:14'),
(163, 'Новые Ворота, группа компаний', 'www.vorotanew.ru', 'kda.atd@mail.ru', NULL, '', 'Автоматические гаражные ворота, рольставни, автоматика для ворот, шлагбаумы, ворота в Хакассии,', 'Группа компаний &quot;Новые Ворота&quot; работает на рынке более 8лет, за это время компания стала крупнейшим в Хакасии и юге Красноярского края производителем ворот всех типов.Все используемые при производстве материалы сертифицированы. Хакасия, г. Абакан, ул.Хлебная д.18, Новые ворота. тел.: +7 (3902) 26-24-02, e-mail: (3902) 26-24-02', NULL, 43, '1', '07cc1dc21f5617ae104cf358c43cc560', 0, 0, NULL, '2018-10-05 04:09:14', 0, '2018-10-05 01:09:14', '2018-10-05 01:09:14'),
(164, 'Ассортимент ЖБИ, ООО, оптово-розничная компания', 'www.tdajbi.ru', 'kras@tdajbi.ru', NULL, '', '', 'Ассортимент ЖБИ, жби, жби изделия, железобетонные изделия, жби кольца, плиты перекрытия, плиты дорожные, завод жби, жби новосибирск,бетонные кольца, фундаментные блоки, железобетонные кольца, колодезные кольца, плиты жби, плиты железобетонные, бетонные плиты, фбс, забор железобетонный, бетонные заборы, железобетонные плиты перекрытия, плиты перекрытия цена, кольца колодцев, трубы железобетонные, бетонные блоки, лотки железобетонные, продажа жби, жби тюмень, Новосибирск ЖБИ, томск, омск, ЖБИ по всей россии', NULL, 43, '1', '0a41e6393c489faf2f5e4f78155503bd', 0, 0, NULL, '2018-10-05 04:10:25', 0, '2018-10-05 01:10:25', '2018-10-05 01:10:25'),
(165, 'НВФ-Монтаж, ООО, торгово-монтажная компания', 'kraspan.ru', 'kraspan-abakan@mail.ru', NULL, '', 'навесные фасады, утепление фасадов, фасадная система, фасадные панели, композитные панели, керамогранит, вентилируемые фасады,минерит, навесные вентилируемые фасады', 'Навесные Вентилируемые фасады, завода Краспан, являются по своим физико-строительным параметрам наиболее эффективными, многослойными системами, вентилируемые фасады при правильном монтаже обеспечивают долговременную функциональную надежность конструкций. Вентилируемые фасады, фасадные системы и фасадные панели Утепление фасадов. Фасадное строительство Навесной вентилируемый фасад «Краспан» позволяет: осуществлять круглогодичный монтаж (сухая технология), реализовывать оригинальные цветовые и архитектурные решения. Производство огнестойких композитных панелей.', NULL, 43, '1', 'ca83edcc1d99f1938cdbdc3522db377e', 0, 0, NULL, '2018-10-05 04:10:27', 0, '2018-10-05 01:10:27', '2018-10-05 01:10:27'),
(166, 'БФК-ЕНИСЕЙ, ООО, торгово-производственная компания', 'www.bfk.ru', 'mail@bfk-enisey.ru', NULL, '', '', 'Пластиковые окна, двери и комлектующие от компании БФК для дома, квартиры и офиса.', NULL, 43, '1', 'cd1c68e854ee79c1b3f9889964d7b674', 0, 0, NULL, '2018-10-05 04:10:31', 0, '2018-10-05 01:10:31', '2018-10-05 01:10:31'),
(167, 'Металлкомплект, группа заводов', 'gzmk.ru', 'novosib@metallkomplekt.com', NULL, '', 'профнастил, металлочерепица, сайдинг, стеновые панели, комплектующие кровли, оцинкованная сталь, производство продажа', 'Производство кровельных и фасадных материалов из оцинкованного и окрашенного металлопроката. Крупный металлотрейдер.', NULL, 43, '1', '6ada79f432c5f098be4ce5d72c7e306f', 0, 0, NULL, '2018-10-05 04:10:34', 0, '2018-10-05 01:10:34', '2018-10-05 01:10:34'),
(168, 'Галерея дверей, сеть магазинов', 'dveri-abakan.ru', 'optovik_gd@mail.ru', NULL, '', 'галерея дверей абакан, галерея дверей, межкомнатные двери абакан', 'Как  и где приятно купить двери? Выбрать популярные модели дверей и заказать двери под ключ: бесплатный замер и врезка, доставка, установка дверей и гарантия на все виды работ!', NULL, 43, '1', 'da8c483bb48d5d36952c3dee8f942d06', 0, 0, NULL, '2018-10-05 04:10:37', 0, '2018-10-05 01:10:37', '2018-10-05 01:10:37'),
(169, 'Пенетрон-Абакан, торговая компания', 'www.penetron.ru', 'penetron-abakan@rambler.ru', NULL, '', 'гидроизоляция бетона, гидроизоляция бетона материалы, проникающая гидроизоляция, материалы для гидроизоляции, строительные материалы для гидроизоляции бетона', 'ГК «Пенетрон-Россия»: материалы для гидроизоляции бетона, герметизация, восстановление бетонных и монолитных конструкций', NULL, 43, '1', '76c412a40708bfeda2bb6729a431f73d', 0, 0, NULL, '2018-10-05 04:10:39', 0, '2018-10-05 01:10:39', '2018-10-05 01:10:39'),
(170, 'Саянский полимер, торгово-производственная компания, Офис', 'xn--80akiaeejjdnkrbc2s.xn--p1ai', 'polimer_09@mail.ru', NULL, '', 'Хакасия, Абакан, купить пенопласт в Хакасии, производство пенопласта, утеплители, энерготеплосбережение, пенопласт, пенополистирол, полистирол, полистиролбетон, мягкая мебель из пенопласта, саянский полимер, теплый дом, производители пенопласта, хочу приобрести пенопласт в Абакане, шумоизоляция, что такое пенопласт?, какой фирмы пенопласт лучше?, строительные материалы, дом, дача', 'ЗАО «САЯНСКИЙ ПОЛИМЕР» занимается производством и продажей пенополистирольных плит ПСБ-С 25, 35 ГОСТ 15558-86. Предприятие работает на рынке строительных материалов с 1994 года. Лауреат премии Республики Хакасия им. Г.А. Вяткина в области строительства, производства строительных материалов и архитектуры.', NULL, 43, '1', 'db353ec6095af8b76e2f18a9b79d4aa3', 0, 0, NULL, '2018-10-05 04:10:41', 0, '2018-10-05 01:10:41', '2018-10-05 01:10:41'),
(171, 'Инпласт, ООО, производственная компания', 'www.ppu24.ru', 'ppu24@mail.ru', NULL, '', 'напыляемый ппу,пенополиуретан,утепление пенополиуретаном,теплоизоляция пенополиуретаном', 'ППУ 24 - напыление пенополиуретана в Красноярске', NULL, 43, '1', '3ac34acb36e4b8ec8d15dcd04f82887e', 0, 0, NULL, '2018-10-05 04:10:42', 0, '2018-10-05 01:10:42', '2018-10-05 01:10:42'),
(172, 'Потолок-Сервис, торгово-производственная компания', 'www.potolokservis-abakan.ru', 'sdgrup@mail.ru', NULL, '', 'натяжные потолки в Абакане,МНОГОУРОВНЕВЫЕ ПОТОЛКИ,СВЕТОДИОДНАЯ ПОДСВЕТКА,ФОТОПЕЧАТЬ ЭКОСОЛЬВЕНТНАЯ, ПОТОЛКИ ЗВЕЗДНОЕ НЕБО, натяжные потолки абакан', 'Ищите натяжные потолки в Абакане? Качественные потолки от компании Потолок Сервис обязательно порадуют вас!,Натяжные потолки в Абакане - производство и установка качественных потолков.', NULL, 43, '1', 'a28e298fbf284de915c8eb0e0c7192de', 0, 0, NULL, '2018-10-05 04:10:48', 0, '2018-10-05 01:10:48', '2018-10-05 01:10:48'),
(173, 'Сывеловские краски, ООО, завод лакокрасочных изделий и строительных материалов', 'xn--b1agsv4c.xn--p1ai', 'syvel@mail.ru', NULL, '', 'общестроительные лакокрасочные материалы, лакокрасочная продукция, сывеловские краски, материалы для фасадов, краски серии Эра, акриловая краска, шпатлевка универсальная, ООО Сывел, г. Черногорск', 'ООО Сывел предлагает лакокрасочную продукцию сывеловские материалы для фасадов краски серии Эра в г. Черногорск', NULL, 43, '1', '090aed24f97002cf9c0f796df861c0de', 0, 0, NULL, '2018-10-05 04:10:50', 0, '2018-10-05 01:10:50', '2018-10-05 01:10:50'),
(174, 'Сибирские трубопроводные системы, торговый дом', 'kraspipe.ru', 'td.sts@mail.ru', NULL, '', 'фитинги, полипропиленовые, металлопластиковые, медные, полиэтиленовые литые(литьевые) фитинги на газ, вода, полиэтиленовые трубы ПЭ, труба НПВХ для наружной канализации, обсадные трубы, электросварные фитинги, сварочное оборудование и инструменты для ПЭ труб, Запорная арматура, неразъемные соединения полиэтилен-сталь(НСПС) для напорных трубопроводов', 'Сибирские трубопроводные системы - поставка полиэтиленовых труб и фитингов, сварочного оборудования и НПВХ труб для строительства внешних инженерных сетей и скважин промышленных и гражданских объектов.', NULL, 43, '1', '7c02b56d91e51e79765c3d881584db8f', 0, 0, NULL, '2018-10-05 04:10:52', 0, '2018-10-05 01:10:52', '2018-10-05 01:10:52'),
(175, 'Арт-керамика, ООО, сеть магазинов керамической плитки, представительство в г. Абакане, Фирменный магазин Шахтинская плитка', 'xn--24-8kcuxi5d6c.xn--p1ai', 'trade-tale@mail.ru;art-ceramica@mail.ru', NULL, '', 'кафель, керамическая плитка, центр кафеля, плитка, керамогранит', 'Постоянные скидки и акции на качественную керамическую плитку отечественных и импортных производителей', NULL, 43, '1', '72f74d8778e05c65667cb7baf84a2613', 0, 0, NULL, '2018-10-05 04:10:54', 0, '2018-10-05 01:10:54', '2018-10-05 01:10:54'),
(176, 'АбаканКоммунПроект, ОАО, проектная организация', 'akp-po.ru', 'akp.po@yandex.ru', NULL, '', 'Абаканкоммунпроект, проектирование, проект, Абакан, архитектура, строительство, Писарев', 'Абаканкоммунпроект - все виды проектных работ в Абакане', NULL, 3, '1', '2eaf231d6f07cda9a4d44602c061eeb2', 0, 0, NULL, '2018-10-05 04:10:58', 0, '2018-10-05 01:10:58', '2018-10-05 01:10:58'),
(177, 'Монтажная компания, ИП Хорин А.Н.', 'arkomelektro.ru', 'arkomelektro@mail.ru', NULL, '', 'Арком, строительная, ремонтная, компания, проектирование, торговаля, электромонтажные, работы, электротехническая, лаборатория,Абакан, Хакасия', 'Строительно-ремонтная компания &laquo;Арком&raquo;. Электромонтажные работы, проектирование, электротехническая лаборатория, Абакан, Хакасия', NULL, 3, '1', 'eb8e348d54218a4efe21d3875f0c71d6', 0, 0, NULL, '2018-10-05 04:10:58', 0, '2018-10-05 01:10:58', '2018-10-05 01:10:58'),
(178, 'Эксперт Качества, ООО, экспертная компания', 'attestacia-abakan.ru', 'blagfond2007@mail.ru', NULL, '', '', 'Гипермаркеты, Красота &amp; Здоровье, Одежда &amp; Обувь, Подарки &amp; Цветы, Товары для детей', NULL, 3, '1', '0f138c6729f6784a35313fdc8c7ac2ba', 0, 0, NULL, '2018-10-05 04:11:03', 0, '2018-10-05 01:11:03', '2018-10-05 01:11:03'),
(179, 'Хакасское Агентство Недвижимости, ООО', 'han19.ru', 'info@han19.ru', NULL, '', 'Недвижимость в Абакане, Квартиры в Абакане, Продажа квартир Абакан, Продажа домов Абакан, недвижимость Черногорск, Квартиры в Черногорске, материнский капитал на покупку квартиры, военный сертификат на квартиру, агентство недвижимости абакан,han19,Хакасия', 'Продажа, покупка, обмен квартир, домов, участков и комнат в Абакане Черногорске и пригороде. Большая база объектов с описанием и ценой. Скидки молодоженам и пенсионерам.', NULL, 46, '1', 'bf1fc799df3ab22832d06416936646f0', 0, 0, NULL, '2018-10-05 04:11:13', 0, '2018-10-05 01:11:13', '2018-10-05 01:11:13'),
(180, 'Трансстрой, ООО, строительная компания', 'tsst.su', 'info@tsst.su', NULL, '', 'Трансстрой Абакан Строительство Квартиры Отражение', 'Строительная компания', NULL, 46, '1', 'a4feeee36fe330c29610632444d998d9', 0, 0, NULL, '2018-10-05 04:11:14', 0, '2018-10-05 01:11:14', '2018-10-05 01:11:14'),
(181, 'СТС-Красноярск, ООО, торговая компания', 'www.sts24.ru', 'krastruba@gmail.com', NULL, '', 'труба полиэтиленовая красноярск прайс, корсис в красноярске, полиэтиленовые трубы, пэ фитинги, продажа полиэтиленовых труб, полиэтиленовые колодцы, полимерные трубопроводные системы, пэ трубы красноярск, трубы в наличии, склад в красноярске, гост 18599-2001, раструб, полимерные трубопроводы, завод производству полиэтиленовых труб, пнд красноярск, производитель пэ труб красноярск, труба пнд, полиэтилен, купить трубу', 'Оптовая и розничная продажа полиэтиленовых труб для систем наружнего водоснабжения, канализации, труб КОРСИС, фитингов, сварочного оборудования, ПЭ-колодцев, полимерных люков с самого крупного склада полиэтиленовых\nкомплектующих в Красноярске.', NULL, 46, '1', '48b1b24e58203ca3e18eeae953092bb8', 0, 0, NULL, '2018-10-05 04:11:16', 0, '2018-10-05 01:11:16', '2018-10-05 01:11:16'),
(182, 'Ростехинвентаризация-Федеральное БТИ, ФГУП, филиал по Красноярскому краю', 'www.r24.rosinv.ru', 'minusinsk@sfo.rosinv.ru', NULL, '', '', 'Техническая инвентаризация, землеустроительные работы, кадастровые работы, межевой план, акт обследования, оценка,техническая экспертиза, энергоаудит, сохранение объектов культурного наследия', NULL, 46, '1', '8f8d293457460d3944ad50902e68d4d7', 0, 0, NULL, '2018-10-05 04:11:23', 0, '2018-10-05 01:11:23', '2018-10-05 01:11:23'),
(183, 'Мостоотряд №91, строительная компания, ОАО Сибмост', 'www.sibmost.ru', 'mocot-91@yandex.ru', NULL, '', 'навигация, справа, странице, на, главной, карта', ' Карта основных объектов Виртуальный тур Сертификаты, Лицензии Видео ', NULL, 46, '1', '0fd6c7e324bdaca308f876b7802d3ba5', 0, 0, NULL, '2018-10-05 04:11:23', 0, '2018-10-05 01:11:23', '2018-10-05 01:11:23'),
(184, 'Ростехинвентаризация-Федеральное БТИ, ФГУП, филиал по Республике Хакасия', 'www.r19.rosinv.ru', 'resp_hakasiya@rosinv.ru', NULL, '', '', 'Техническая инвентаризация, землеустроительные работы, кадастровые работы, межевой план, акт обследования, оценка,техническая экспертиза, энергоаудит, сохранение объектов культурного наследия', NULL, 46, '1', 'cd839ea8c80d500eb2d04b1d92f26d0a', 0, 0, NULL, '2018-10-05 04:11:24', 0, '2018-10-05 01:11:24', '2018-10-05 01:11:24'),
(185, 'Сиб Строй Центр, строительная компания', 'www.ssc19.ru', 'ssc2011@mail.ru', NULL, '', 'Строительство домов, газобетон, теплый пол, отопление, XL-pipe, терморегуляторы, инфракрасная пленка, кабельный мат, отрезной резистивный кабель, Ремонт мягкой кровли', 'СибСтройЦентр. Строительство домов в Абакане (Хакасии)  из газобетона, Тыве и Красноярском Крае Теплый пол', NULL, 46, '1', 'df614f837f0634eb2f948d08310e601c', 0, 0, NULL, '2018-10-05 04:11:37', 0, '2018-10-05 01:11:37', '2018-10-05 01:11:37'),
(186, 'Тепломонтаж, ООО, монтажная компания', 'xn--19-6kctg2ahihbh8ah.xn--p1ai', 'teplo-19@yandex.ru', NULL, '', 'Трубы, счетчики, вода, тепло', 'Компания ООО «Тепломонтаж» с 2001 года оказывает широкий спектр услуг в сфере тепло- энерго-, водосбережения, в сфере проектирования и сфере коммунальных услуг. Мы гарантируем высочайшее качество выполненных работ и оказанных услуг. Гарантийный срок составляет до пяти лет. Наши специалисты не реже одного раза в год проходят обучение и повышают квалификацию в Москве, Новосибирске и других городах. Они всегда рады не только оказать, необходимые Вам услуги, но и бесплатно проконсультировать Вас и подобрать наиболее подходящие для Вас приборы по ценам заводов-изготовителей. ', NULL, 46, '1', 'e03c64d4917131bd601d88037a73a43e', 0, 0, NULL, '2018-10-05 04:11:37', 0, '2018-10-05 01:11:37', '2018-10-05 01:11:37'),
(187, 'Теплоком, магазин сантехнического оборудования', 'teplocom.com', 'teplokom-a@mail.ru', NULL, '', 'Отопительные котлы, водогрейные котлы, котлы отопления, котельное оборудование, продажа котлов', 'Магазины отопительной техники. Отопительные котлы, автоматические котлы, водогрейные котлы, котельное оборудование, водонагреватели, дымоходы, радиаторы отопления. Продажа, доставка, монтаж, обслуживание.', NULL, 46, '1', '3e5c31dddbcba8ccfa0f3d95747c3158', 0, 0, NULL, '2018-10-05 04:11:40', 0, '2018-10-05 01:11:40', '2018-10-05 01:11:40'),
(188, 'Вертикальные технологии, монтажная компания', 'vert-teh.ru', 'turist2000@mail.ru', NULL, '', 'Главная страница, промальп, услуги', 'Главная страница', NULL, 46, '1', '13a8206709c60cbf1956b4e2d418b305', 0, 0, NULL, '2018-10-05 04:11:41', 0, '2018-10-05 01:11:41', '2018-10-05 01:11:41'),
(189, 'Жилстрой, ООО, строительная компания', 'uks-zhilstroy.ru', 'uks_zhilstroy@mail.ru', NULL, '', 'купить квартиру, новостройки Абакан, квартиры Черногорск, продажа квартир в Абакане, недвижимость Абакан', 'Купить квартиру, Офис, Торгово-выставочный зал по цене от Застройщика в г.Абакане!\r\nУправление Капитального Строительства &quot;Жилстрой&quot; г. Абакан, Р.Х.\r\nБЫСТРО, КАЧЕСТВЕННО, НАДЕЖНО\r\nг.Абакан, г.Черногорск, Республика Хакасия.', NULL, 46, '1', '23f250767593cb99fb293660a46a2225', 0, 0, NULL, '2018-10-05 04:11:43', 0, '2018-10-05 01:11:43', '2018-10-05 01:11:43');
INSERT INTO `links` (`id`, `name`, `url`, `email`, `reciprocal_link`, `description`, `keywords`, `full_description`, `htmlcode_banner`, `catalog_id`, `status`, `token`, `check_link`, `views`, `comment`, `time_check`, `number_check`, `created_at`, `updated_at`) VALUES
(190, 'Семена для Сибири, ООО, производственно-коммерческая фирма', 'www.sibsemena.ru', 'abk@sibsemena.kts.ru', NULL, '', 'Семена, семена оптом садовый инвентарь Оптом полив горшки оптом кашпо оптом садовые фигуры оптом грунт оптом удобрения оптом пестициды оптом и агрохимикаты оптом', 'Семена, семена оптом садовый инвентарь Оптом полив горшки оптом кашпо оптом садовые фигуры оптом грунт оптом удобрения оптом пестициды оптом и агрохимикаты оптом ', NULL, 3, '1', 'a2d94cb88abb2dc49358c6d2ee342ad6', 0, 0, NULL, '2018-10-05 04:11:47', 0, '2018-10-05 01:11:47', '2018-10-05 01:11:47'),
(191, 'Дон Жуан, магазин эротических товаров', 'sexshop19.ru', 'don-juan.2012@yandex.ru', NULL, '', 'секс шоп Дон Феромон, магазин интим товаров ', 'секс шоп Дон Феромон, магазин интим товаров ', NULL, 3, '1', '19fc668a7fbf997a2a8eb552f2b28061', 0, 0, NULL, '2018-10-05 04:12:00', 0, '2018-10-05 01:12:00', '2018-10-05 01:12:00'),
(192, 'Русский букет, служба доставки цветов', 'rus-buket.ru', 'info@rus-buket.ru', NULL, '', 'доставка, цветы, москва, московская, область, заказать, онлайн, круглосуточно, бесплатная, на дом, интернет, магазин, растения, россии, букеты, мск', 'Доставка цветов и букетов по Москве, Московской области и всей России. Международная курьерская служба доставки цветов – РУССКИЙ БУКЕТ. Огромный выбор букетов и подарков. Заказать цветы онлайн от 1 100 руб. Бесплатная круглосуточная доставка!', NULL, 3, '1', '533c1f71b5be47147031032305eaf952', 0, 0, NULL, '2018-10-05 04:12:01', 0, '2018-10-05 01:12:01', '2018-10-05 01:12:01'),
(193, 'Ювелирный мир, сеть салонов', 'uvelirmir.ru', 'shafran@kristel.ru', NULL, '', 'кольца, серьги, колье, печатки,', 'Мы предлагаем широкий ассортимент ювелирных изделий.', NULL, 49, '1', 'c396124522b5ee1caeaaaef5b3b2d663', 0, 0, NULL, '2018-10-05 04:12:02', 0, '2018-10-05 01:12:02', '2018-10-05 01:12:02'),
(194, 'Байкал, ООО, транспортная компания', 'xn--80aab7acdi3c.xn--p1ai', '212120@list.ru', NULL, '', 'Доставка грузов по России', 'Доставка грузов по России', NULL, 3, '1', 'e6c112544444b48920f99ee5f8623dfc', 0, 0, NULL, '2018-10-05 04:12:10', 0, '2018-10-05 01:12:10', '2018-10-05 01:12:10'),
(195, 'Maxim, служба заказа пассажирского легкового транспорта', 'www.taximaxim.ru', '3902303303@taximaxim.ru', NULL, '', '', 'Сервис заказа такси «Максим». Заказать такси: (495) 505-55-55, (495) 504-22-22', NULL, 3, '1', 'c90f49a38b72f1b653331a40678991f1', 0, 0, NULL, '2018-10-05 04:12:11', 0, '2018-10-05 01:12:11', '2018-10-05 01:12:11'),
(196, 'PONY EXPRESS, служба экспресс-доставки, филиал в г. Абакане', 'www.ponyexpress.ru', 'aba.pe@yandex.ru', NULL, '', 'пони экспресс, pony express, пони, экспресс доставка, доставка почты, экспресс почта, курьерская служба, перевозка грузов, телефон 8-800-234-22-40, трансграничная доставка, складская логистика, 3PL', 'Логистическая компания PONY EXPRESS предоставляет услуги по перевозке грузов, посылок, почты и документов по Москве и другим городам России и СНГ.  Международная компания перевозчик, транспортная и складская логистика, 3PL.', NULL, 51, '1', '3e57ac733023faefa9291e057adbe410', 0, 0, NULL, '2018-10-05 04:12:14', 0, '2018-10-05 01:12:14', '2018-10-05 01:12:14'),
(197, 'АВТОТРЕЙДИНГ, ООО, транспортно-экспедиционная компания', 'www.ae5000.ru', 'abakan@autotrading.ru', NULL, '', 'Автотрейдинг, транспортно-экспедиционное предприятие, перевозки по России, грузоперевозки по России, доставка грузов по России, доставка сборных грузов', 'Автотрейдинг - транспортно-экспедиционное предприятие. Грузоперевозки по России. Доставка грузов по России от 1 кг. Доставка сборных грузов. Страхование. Экспедирование.', NULL, 51, '1', 'd433d053682399eeb783db5f1e3db147', 0, 0, NULL, '2018-10-05 04:12:14', 0, '2018-10-05 01:12:14', '2018-10-05 01:12:14'),
(198, 'Вэй-Групп, транспортная компания', 'wayg.ru', 'abakan@wayg.ru', NULL, '', '', 'Доставка любого вида груза. Транспортная компания «ВЭЙ-ГРУПП» предоставляет услуги по перевозке грузов железнодорожным (в вагонах и контейнерах), морским и автомобильным транспортом по России и в международном сообщении.', NULL, 51, '1', 'b6ae33e259d0642e26eaa25d1864660c', 0, 0, NULL, '2018-10-05 04:12:14', 0, '2018-10-05 01:12:14', '2018-10-05 01:12:14'),
(199, 'Аэропорт, г. Абакан', 'abakan-airport.ru', 'airport@abakannet.ru', NULL, '', '', 'Аэропорт Абакан – это гражданский аэропорт на северо-западе одноименного города, расположенного в Республике Хакасия. Из него выполняются прямые рейсы в Москву, Томск, Красноярск и Новосибирск.', NULL, 51, '1', '584d88cf1100329871d9103201677420', 0, 0, NULL, '2018-10-05 04:12:14', 0, '2018-10-05 01:12:14', '2018-10-05 01:12:14'),
(200, 'Boxberry, служба доставки товаров дистанционной торговли', 'www.boxberry.ru', 'info@boxberry.ru', NULL, '', 'Keywords', 'Boxberry – служба доставки посылок, писем и товаров интернет-магазинов.', NULL, 51, '1', '05468235173c652b8d0c9edc107aeec5', 0, 0, NULL, '2018-10-05 04:12:17', 0, '2018-10-05 01:12:17', '2018-10-05 01:12:17'),
(201, 'ГринЛайт, транспортная компания', 'www.grlight.ru', 'info@grlight.ru', NULL, '', 'Keywords', 'Description', NULL, 51, '1', 'b2290c1f29fe8f4f8e18b479a125806e', 0, 0, NULL, '2018-10-05 04:12:18', 0, '2018-10-05 01:12:18', '2018-10-05 01:12:18'),
(202, 'Логистическая компания, ИП Сургутская Л.С.', 'asia-logistic.ru', 'liliasurg@list.ru', NULL, '', '', 'Обои для рабочего стола. Фото, широкоформатные картинки.', NULL, 51, '1', 'cb8d4e5062020ae3a5f0d96e09ec4fac', 0, 0, NULL, '2018-10-05 04:12:20', 0, '2018-10-05 01:12:20', '2018-10-05 01:12:20'),
(203, 'Абакан-Авиа, транспортная авиакомпания', 'abakanavia.ru', 'office@abakan-avia.ru', NULL, '', 'АБАКАН Авиа', 'АБАКАН Авиа', NULL, 51, '1', '487d71c3bed7ac69e5959dec21646764', 0, 0, NULL, '2018-10-05 04:12:20', 0, '2018-10-05 01:12:20', '2018-10-05 01:12:20'),
(204, 'Деловые линии, транспортно-экспедиторская компания', 'www.dellin.ru', 'pismo@dellin.ru', NULL, '', 'грузоперевозки, транспортная компания, перевозка грузов', 'Транспортная компания «Деловые Линии» осуществляет грузовые перевозки по Москве и России. Перевозка грузов автомобильным и авиатранспортом, автоперевозки сборных грузов - закажите грузоперевозки прямо на сайте!', NULL, 51, '1', '8f8eb3cf99d54b77482927be5b0e5643', 0, 0, NULL, '2018-10-05 04:12:20', 0, '2018-10-05 01:12:20', '2018-10-05 01:12:20'),
(205, 'РТК Абакан, ООО, Российская транспортная компания', 'rtk-bazis.ru', 'rtk_abakan@mail.ru', NULL, '', 'Грузоперевозки, Транспортная компания, Москва, Новокузнецк, Абакан, Барнаул, Владивосток, Кемерово, Кызыл, Москва, Минск, Новокузнецк, Новосибирск, Хабаровск', 'Филиалы в Москве и шести крупных городах Сибири. Склады для хранения грузов, осуществляется доставка грузов до получателя. Квалифицированный персонал. Доставка груза в минимальные сроки за разумные цены. Полная материальная ответственность.', NULL, 51, '1', '30ab30ed02d44c0090ef0100150d7f29', 0, 0, NULL, '2018-10-05 04:12:23', 0, '2018-10-05 01:12:23', '2018-10-05 01:12:23'),
(206, 'Империя-Авто, транспортная компания', 'imperiaavto19.ru', 'tk26611@mail.ru', NULL, '', '', 'Грузоперевозки по России. Услуги грузоперевозок от транспортной компании &quot;Империя Авто&quot;. Калькулятор цен на грузоперевозки.', NULL, 51, '1', '8244e4a7fbf003d40d313fa69223092a', 0, 0, NULL, '2018-10-05 04:12:28', 0, '2018-10-05 01:12:28', '2018-10-05 01:12:28'),
(207, 'Тескома, сеть магазинов посуды', 'tescoma-shop.ru', 'info@tescoma-shop.ru', NULL, '', 'интернет-магазин посуды из чехии', 'Интернет-магазин посуды и столовых приборов из Чехии: продажа посуды для варки, жарки и выпечки еды, а также в ассортименте различные столовые и кухонные приборы. Доставка, гарантия, выгодные цены.', NULL, 3, '1', 'dc3250c5d944fa8c68a450c79e89d9f0', 0, 0, NULL, '2018-10-05 04:12:33', 0, '2018-10-05 01:12:33', '2018-10-05 01:12:33'),
(208, 'Электро-Снабжение, ООО, представительство в г. Абакане', 'xn----8sbdndafrmizeg1arm7p.xn--p1ai', 'elsnab_kras@mail.ru', NULL, '', 'электроснабжение,электроснабжение красноярск, электротехническое оборудование, электротехнические компании,двигатель, электродвигатели, крановое, АДМ,АИР,ВВГ,КГ,ПНСВ,крановые, двигатели,тали,тельфер,кабель,редуктор,электрощит,сборка щитов,ремонт тельфера,', 'ЭлектроСнабжение - Электротехническое оборудование в Красноярске', NULL, 3, '1', '7c1ed3a827a48b450474ae1e98e54b1a', 0, 0, NULL, '2018-10-05 04:12:34', 0, '2018-10-05 01:12:34', '2018-10-05 01:12:34'),
(209, 'СибСвет, интернет-магазин светотехники', 'www.sib-svet.ru', 'sib-svet@bk.ru', NULL, '', 'интернет магазин мебели, люстры, светильники, хрустальные люстры, бра, торшеры, люстры с вентилятором, обои, фотообои, фотопанно, ламинат, паркетная доска, пробковые покрытия, модульная мебель', 'Интернет-магазин Сибсвет предлагает большой выбор светильников, обоев от лучших производителей. Доставка по Новосибирску, Барнаулу, Кемерово и Красноярску.', NULL, 3, '1', '5e29b9ac68080dc9e1b1d5ac376621c4', 0, 0, NULL, '2018-10-05 04:12:37', 0, '2018-10-05 01:12:37', '2018-10-05 01:12:37'),
(210, 'Надежда, ЗАО, страховое общество, представительство в г. Абакане', 'www.nadins.ru', 'abakan@i-nad.ru', NULL, '', 'страховая, компания, надежда, страхование, здоровье, имущество, ответственность, красноярск, страховая компания красноярск', 'Компания «Надежда» осуществляет обязательное и добровольное страхование всех видов: страхование здоровья, имущества, ответственности; оказывает услуги физическим лицам и компаниям.', NULL, 3, '1', 'f6b949a17b615a5fe22108fb4c0e71f9', 0, 0, NULL, '2018-10-05 04:12:41', 0, '2018-10-05 01:12:41', '2018-10-05 01:12:41'),
(211, 'СОГЛАСИЕ, ООО, страховая компания', 'www.soglasie.ru', 'abakan@soglasie.ru', NULL, '', 'Страховая компания, страховые услуги, страхование, купить страховку, услуги страхования', 'СК &laquo;Согласие&raquo;: услуги страхования для частных и юридических   лиц по всей России. Автострахование (КАСКО, ОСАГО), страхование туристов,   ДМС, страхование от несчастных случаев, защита недвижимости и имущества   граждан и предприятий. Поддержка онлайн-заявок на страхование.', NULL, 3, '1', 'efa55a97834d0172a1e19a2e3892ae35', 0, 0, NULL, '2018-10-05 04:12:41', 0, '2018-10-05 01:12:41', '2018-10-05 01:12:41'),
(212, 'TeleTRade, консалтинговая компания', 'teletrade.ru', 'abakan@teletrade.ru', NULL, '', 'форекс, forex, компания форекс, форекс официальный сайт', 'Осуществляйте торговлю с Форекс-дилером с лицензией ЦБ. Компания TeleTrade - Актуальная аналитика, прогнозы от экспертов валютного рынка Forex!', NULL, 3, '1', '9378bb3c083103131f64843b77972b7f', 0, 0, NULL, '2018-10-05 04:12:43', 0, '2018-10-05 01:12:43', '2018-10-05 01:12:43'),
(213, 'Национальный банк ТРАСТ, ОАО', 'www.trust.ru', 'abakan@trust.ru', NULL, '', 'Национальный банк Траст, Инвестиционный банк Траст, Траст, National bank Trust, Trust investment bank, Trust', 'Национальный банк Траст, National bank Trust', NULL, 57, '1', '96d509a6066a3c05d906f5525e330c94', 0, 0, NULL, '2018-10-05 04:12:44', 0, '2018-10-05 01:12:44', '2018-10-05 01:12:44'),
(214, 'Минусинская коллегия адвокатов Красноярского края', 'madvokat.nichost.ru', 'advokat@madvokat.nichost.ru', NULL, 'О коллегии', 'адвокаты минусинск', 'адвокаты минусинск', NULL, 57, '1', 'be83cf7cf8e76bfd4c0b7df8cef95e93', 0, 0, NULL, '2018-10-05 04:12:46', 0, '2018-10-05 01:12:46', '2018-10-05 01:12:46'),
(215, 'Авангард, ООО, бухгалтерская компания', 'avangard19.ru', 'avangardbyx@yandex.ru', NULL, '', '', 'Мы предлагаем комплексное бухгалтерское обслуживание, бухгалтерского учета, бухгалтерской отчетности и пр.', NULL, 57, '1', 'fd3d02aab01d408926f60fc2b249085c', 0, 0, NULL, '2018-10-05 04:12:48', 0, '2018-10-05 01:12:48', '2018-10-05 01:12:48'),
(216, 'Центр Качества, ООО, центр сертификации продукции', 'center-sert.ru', 'cqsert3@gmail.com', NULL, '', '', 'ПОЛУЧИТЕ МЕДИЦИНСКИЙ СЕРТИФИКАТ Без посещения курсов и сдачи экзаменов всего за 2 дня. Все специализации.Оригинальные бланки ГОЗНАК. Доставим в любую точку.', NULL, 57, '1', '4ba0655dc67abe0fb2a20aa34949ab2d', 0, 0, NULL, '2018-10-05 04:12:53', 0, '2018-10-05 01:12:53', '2018-10-05 01:12:53'),
(217, 'Европлан, лизинговая компания', 'www.europlan.ru', 'dag4@europlan.ru', NULL, '', 'европлан, лизинг авто, лизинг автомобилей, автокредит, лизинг легковых авто, лизинг грузовых авто, лизинг спецтехники, лизинг для юридических лиц, лизинг для физических лиц, лизинг без певоначального взноса', 'Европлан - лидер российского рынка лизинга легковых и грузовых автомобилей и спецтехники для юридических и физических лиц', NULL, 57, '1', '78b156eeae106a1ad8eb0de60fe92231', 0, 0, NULL, '2018-10-05 04:12:53', 0, '2018-10-05 01:12:53', '2018-10-05 01:12:53'),
(218, 'БНП ПАРИБА Банк, ЗАО, представительство в г. Абакане', 'www.cetelem.ru', 'info@cetelem.ru', NULL, '', 'банк, вклады, кредиты, ипотека', 'Наш Банк - это современный высокотехнологичный банк,сочетающий в себе новейшие технологии оказания услуг и лучшие традиции банковского сообщества и российского предпринимательства.', NULL, 57, '1', '2b79c9c6f4f2da38c85f21254eb51109', 0, 0, NULL, '2018-10-05 04:13:04', 0, '2018-10-05 01:13:04', '2018-10-05 01:13:04'),
(219, 'OtchetOnline Абакан, компания электронной отчетности', 'abakan.otchetonline.ru', 'info@otchetonline.ru', NULL, '', ' Абакан , Получить, квалифицированная электронная подпись, для торгов по 223-ФЗ, госзаказ, государственных, коммерческих электронных торгов, сертификат, выдача, удостоверяющие центры, банкроты, документооборот, эцп', 'Получить электронную подпись (ЭЦП) в  Абакан . Квалифицированная электронная подпись для работы по 223-ФЗ, Госзаказу, Государственных и Коммерческих торгов, Банкротов, Росреестра, Росалкогольрегулирование и многое другое', NULL, 57, '1', 'c03fb3b7f30967d6a6f132e098f040e6', 0, 0, NULL, '2018-10-05 04:13:06', 0, '2018-10-05 01:13:06', '2018-10-05 01:13:06'),
(220, 'Отличные наличные-Абакан, ООО, микрофинансовая организация', 'otlnal.ru', 'info@otlnal.ru', NULL, '', '', 'Срочный микрозайм с одобрением за 15 минут 90 % заявок! Получите в день обращения на карту или наличными. Без скрытых платежей. 8(800)5507777 МФО Отличные Наличные Новосибирск', NULL, 57, '1', '042bf54242c328ef108422e99d99fba0', 0, 0, NULL, '2018-10-05 04:13:07', 0, '2018-10-05 01:13:07', '2018-10-05 01:13:07'),
(221, 'КБ Центрально-Азиатский, ООО', 'www.kbca.ru', 'kbca@kbca.ru', NULL, 'Коммерческий банк &laquo;Центрально-Азиатский&raquo; (общество с ограниченной ответственностью)', '', 'республика Хакасия город Абакан Коммерческий банк &laquo;Центрально-Азиатский&raquo; (общество с ограниченной ответственностью', NULL, 57, '1', '6a20249d7695003a0fa75f8c674d1def', 0, 0, NULL, '2018-10-05 04:13:11', 0, '2018-10-05 01:13:11', '2018-10-05 01:13:11'),
(222, 'Дельта, лизинговая компания', 'deltaf.ru', 'leazing.abkn@deltaf.ru', NULL, '', 'лизинговые компании красноярска, лизинг в красноярске, как получить лизинг, дельта лизинг, заявка на лизинг', '&laquo;Дельта&raquo; &mdash; крупнейшая лизинговая компания в Красноярске и Сибирском федеральном округе. Вы можете быстро и просто получить лизинг на технику и недвижимость, заполнив экспресс-заявку через сайт.', NULL, 57, '1', '044887eac7bf50603c831c28ada99500', 0, 0, NULL, '2018-10-05 04:13:12', 0, '2018-10-05 01:13:12', '2018-10-05 01:13:12'),
(223, 'Фирма по разрешению финансовых споров, ИП Антоневич М.В.', 'xn--80aeinwag5a4c.xn--p1ai', 'm.antonevich@mail.ru', NULL, '', 'абакан, хакасия, взыскание, долг, задолженность, защита, иск, третейский, суд, арбитраж, банкротство, приставы, деньги, бизнес, финансы, заявление, договор, антоневич', 'Антоневич. Разрешение финансовых споров.', NULL, 57, '1', 'e862994e7b732ff32305e02934105213', 0, 0, NULL, '2018-10-05 04:13:12', 0, '2018-10-05 01:13:12', '2018-10-05 01:13:12'),
(224, 'ВЭБ-лизинг, ОАО, лизинговая компания', 'veb-leasing.ru', 'm.kasatkina@veb-leasing.ru', NULL, '', 'Лизинговая компания: лизинг автомобилей и грузового транспорта, лизинг спецтехники, оборудования, лизинг судов и подвижного состава. Лизинг. Определение лизинга, ответы на вопросы. ', 'Лизинговая компания: лизинг легковых и грузовых автомобилей, лизинг спецтехники, оборудования, судов и подвижного состава. Расчет стоимости лизинговых платежей по автомобилям.', NULL, 57, '1', 'ca6a8ea2cb9bcbc6b4fa24b91dd6464e', 0, 0, NULL, '2018-10-05 04:13:14', 0, '2018-10-05 01:13:14', '2018-10-05 01:13:14'),
(225, 'МСК, ОАО, страховая группа', 'sgmsk.ru', 'msk-a@bk.ru', NULL, '', 'новости, работа, блоги, форумы, фотогалерея.', 'Новости города. Работа в городе. Блоги. Форумы. Фотогалерея.', NULL, 57, '1', 'fb9247d91ec81e2edd89918e081668dd', 0, 0, NULL, '2018-10-05 04:13:17', 0, '2018-10-05 01:13:17', '2018-10-05 01:13:17'),
(226, 'Займ Гарант, центр микрофинансирования', 'xn----7sbbanvpyn2ay.xn--p1ai', 'zaimgarant@yandex.ru', NULL, '', 'займ наличными, наличные займы абакан, займ низкий процент, займ гарант, займ на карту', 'Микрофинансовая организация Займ-Гарант в Абакане, оформляем займы и кредиты на выгодных условиях. Никаких лишних документов и скрытых платежей, полная конфиденциальность!', NULL, 57, '1', '6bb95ee309ab41945cf39f57a5791965', 0, 0, NULL, '2018-10-05 04:13:24', 0, '2018-10-05 01:13:24', '2018-10-05 01:13:24');

-- --------------------------------------------------------

--
-- Структура таблицы `migrations`
--

CREATE TABLE `migrations` (
  `id` int(10) UNSIGNED NOT NULL,
  `migration` varchar(255) COLLATE utf8_unicode_ci NOT NULL,
  `batch` int(11) NOT NULL
) ENGINE=InnoDB DEFAULT CHARSET=utf8 COLLATE=utf8_unicode_ci;

--
-- Дамп данных таблицы `migrations`
--

INSERT INTO `migrations` (`id`, `migration`, `batch`) VALUES
(1, '2014_10_12_100000_create_password_resets_table', 1),
(2, '2017_05_30_000000_create_permission_role_table', 1),
(3, '2017_05_30_000000_create_permissions_table', 1),
(4, '2017_05_30_000000_create_role_user_table', 1),
(5, '2017_05_30_000000_create_roles_table', 1),
(6, '2017_05_30_000000_create_users_table', 1),
(7, '2018_09_21_154326_create_catalog_table', 2),
(8, '2018_09_21_154338_create_links_table', 2),
(9, '2018_09_24_132618_create_settings_table', 3);

-- --------------------------------------------------------

--
-- Структура таблицы `password_resets`
--

CREATE TABLE `password_resets` (
  `email` varchar(255) COLLATE utf8_unicode_ci NOT NULL,
  `token` varchar(255) COLLATE utf8_unicode_ci NOT NULL,
  `created_at` timestamp NULL DEFAULT NULL
) ENGINE=InnoDB DEFAULT CHARSET=utf8 COLLATE=utf8_unicode_ci;

-- --------------------------------------------------------

--
-- Структура таблицы `permissions`
--

CREATE TABLE `permissions` (
  `id` int(10) UNSIGNED NOT NULL,
  `name` varchar(255) COLLATE utf8_unicode_ci NOT NULL,
  `display_name` varchar(255) COLLATE utf8_unicode_ci DEFAULT NULL,
  `description` varchar(255) COLLATE utf8_unicode_ci DEFAULT NULL,
  `created_at` timestamp NULL DEFAULT NULL,
  `updated_at` timestamp NULL DEFAULT NULL
) ENGINE=InnoDB DEFAULT CHARSET=utf8 COLLATE=utf8_unicode_ci;

--
-- Дамп данных таблицы `permissions`
--

INSERT INTO `permissions` (`id`, `name`, `display_name`, `description`, `created_at`, `updated_at`) VALUES
(1, 'manage_user', 'Manage Users', 'Manage Users', NULL, NULL),
(2, 'add_user', 'Add User', 'Add User', NULL, NULL),
(3, 'edit_user', 'Edit User', 'Edit User', NULL, NULL),
(4, 'delete_user', 'Delete User', 'Delete User', NULL, NULL),
(5, 'manage_role', 'Manage Roles', 'Manage Roles', NULL, NULL),
(6, 'add_role', 'Add Role', 'Add Role', NULL, NULL),
(7, 'edit_role', 'Edit Role', 'Edit Role', NULL, NULL),
(8, 'delete_role', 'Delete Role', 'Delete Role', NULL, NULL);

-- --------------------------------------------------------

--
-- Структура таблицы `permission_role`
--

CREATE TABLE `permission_role` (
  `permission_id` int(11) NOT NULL,
  `role_id` int(11) NOT NULL
) ENGINE=InnoDB DEFAULT CHARSET=utf8 COLLATE=utf8_unicode_ci;

--
-- Дамп данных таблицы `permission_role`
--

INSERT INTO `permission_role` (`permission_id`, `role_id`) VALUES
(1, 1),
(2, 1),
(3, 1),
(4, 1),
(5, 1),
(6, 1),
(7, 1),
(8, 1),
(1, 2),
(5, 2);

-- --------------------------------------------------------

--
-- Структура таблицы `roles`
--

CREATE TABLE `roles` (
  `id` int(10) UNSIGNED NOT NULL,
  `name` varchar(255) COLLATE utf8_unicode_ci NOT NULL,
  `display_name` varchar(255) COLLATE utf8_unicode_ci DEFAULT NULL,
  `description` varchar(255) COLLATE utf8_unicode_ci DEFAULT NULL,
  `created_at` timestamp NULL DEFAULT NULL,
  `updated_at` timestamp NULL DEFAULT NULL
) ENGINE=InnoDB DEFAULT CHARSET=utf8 COLLATE=utf8_unicode_ci;

--
-- Дамп данных таблицы `roles`
--

INSERT INTO `roles` (`id`, `name`, `display_name`, `description`, `created_at`, `updated_at`) VALUES
(1, 'admin', 'Admin', 'Admin User', NULL, NULL),
(2, 'manager', 'Manager', 'Manager', NULL, '2018-09-28 11:55:54');

-- --------------------------------------------------------

--
-- Структура таблицы `role_user`
--

CREATE TABLE `role_user` (
  `user_id` int(11) NOT NULL,
  `role_id` int(11) NOT NULL
) ENGINE=InnoDB DEFAULT CHARSET=utf8 COLLATE=utf8_unicode_ci;

--
-- Дамп данных таблицы `role_user`
--

INSERT INTO `role_user` (`user_id`, `role_id`) VALUES
(1, 1),
(2, 2),
(2, 2),
(3, 2);

-- --------------------------------------------------------

--
-- Структура таблицы `settings`
--

CREATE TABLE `settings` (
  `id` int(10) UNSIGNED NOT NULL,
  `key_cd` varchar(255) COLLATE utf8_unicode_ci NOT NULL,
  `type` varchar(255) COLLATE utf8_unicode_ci NOT NULL,
  `display_value` varchar(255) COLLATE utf8_unicode_ci NOT NULL,
  `value` text COLLATE utf8_unicode_ci NOT NULL,
  `created_at` timestamp NULL DEFAULT NULL,
  `updated_at` timestamp NULL DEFAULT NULL
) ENGINE=InnoDB DEFAULT CHARSET=utf8 COLLATE=utf8_unicode_ci;

--
-- Дамп данных таблицы `settings`
--

INSERT INTO `settings` (`id`, `key_cd`, `type`, `display_value`, `value`, `created_at`, `updated_at`) VALUES
(3, 'CHECK_INTERVAL', 'TEXT', 'Минимальный интервал между проверками ссылок (дней)', '7', '2018-10-03 12:29:51', '2018-10-03 12:29:51'),
(4, 'NUMBER_CHECK', 'TEXT', 'Количество проверок ответной ссылки, по истечению которых ссылка будет удаленна', '3', '2018-10-03 12:30:58', '2018-10-03 12:30:58'),
(5, 'REQUEST_CAPTCHA', 'TEXT', 'Запрашивать секюрити код (CAPTCHA)', '1', '2018-10-03 12:32:28', '2018-10-03 12:32:28'),
(6, 'ADD_LINKS_WITHOUT_CHECK', 'TEXT', 'Добавлять ссылки в каталог минуя проверку администратора', '1', '2018-10-03 12:33:13', '2018-10-03 12:33:13');

-- --------------------------------------------------------

--
-- Структура таблицы `users`
--

CREATE TABLE `users` (
  `id` int(10) UNSIGNED NOT NULL,
  `role_id` int(11) NOT NULL DEFAULT '1',
  `type` varchar(255) COLLATE utf8_unicode_ci NOT NULL DEFAULT 'admin',
  `name` varchar(255) COLLATE utf8_unicode_ci NOT NULL,
  `email` varchar(255) COLLATE utf8_unicode_ci DEFAULT NULL,
  `password` varchar(60) COLLATE utf8_unicode_ci DEFAULT NULL,
  `avatar` varchar(255) COLLATE utf8_unicode_ci DEFAULT NULL,
  `provider` varchar(255) COLLATE utf8_unicode_ci DEFAULT NULL,
  `provider_id` varchar(255) COLLATE utf8_unicode_ci DEFAULT NULL,
  `remember_token` varchar(100) COLLATE utf8_unicode_ci DEFAULT NULL,
  `created_at` timestamp NULL DEFAULT NULL,
  `updated_at` timestamp NULL DEFAULT NULL
) ENGINE=InnoDB DEFAULT CHARSET=utf8 COLLATE=utf8_unicode_ci;

--
-- Дамп данных таблицы `users`
--

INSERT INTO `users` (`id`, `role_id`, `type`, `name`, `email`, `password`, `avatar`, `provider`, `provider_id`, `remember_token`, `created_at`, `updated_at`) VALUES
(1, 1, 'admin', 'admin 22', 'janickiy@mail.ru', '$2y$10$IIegzNhjV7lA8JpNn97HEuv84VJzB1Mq14g.MnlkTxaNwZio3V5GO', '1538379371.jpeg', NULL, NULL, 'JVFoV3fjR0drhXGKhQ4i5ApDYVqbKqpwSlTSatxsmX790dgK0tILbnEMbFc8', '2018-09-20 12:27:44', '2018-10-01 04:36:11'),
(2, 2, 'admin', 'ewrewr', 'superuser@corals.io', '$2y$10$UOlc9Ro/iATbLBSq7/S2eeVlejXOoE6DaJlowO4g41QvPfZcSAzBu', NULL, NULL, NULL, NULL, '2018-09-24 13:11:01', '2018-09-24 13:11:01'),
(3, 2, 'admin', 'fsd 22', 'sdfs@qwreqwr.ru', '$2y$10$ekN0KVmnHTPa9n2ECkz2yegCS8X59gszrJ6PdLWWIUJ.AfIUyQo8K', NULL, NULL, NULL, NULL, '2018-09-28 11:57:22', '2018-10-01 03:54:01');

--
-- Индексы сохранённых таблиц
--

--
-- Индексы таблицы `catalog`
--
ALTER TABLE `catalog`
  ADD PRIMARY KEY (`id`),
  ADD KEY `parent_id` (`parent_id`);

--
-- Индексы таблицы `links`
--
ALTER TABLE `links`
  ADD PRIMARY KEY (`id`),
  ADD KEY `catalog_id` (`catalog_id`);

--
-- Индексы таблицы `migrations`
--
ALTER TABLE `migrations`
  ADD PRIMARY KEY (`id`);

--
-- Индексы таблицы `password_resets`
--
ALTER TABLE `password_resets`
  ADD KEY `password_resets_email_index` (`email`);

--
-- Индексы таблицы `permissions`
--
ALTER TABLE `permissions`
  ADD PRIMARY KEY (`id`);

--
-- Индексы таблицы `roles`
--
ALTER TABLE `roles`
  ADD PRIMARY KEY (`id`);

--
-- Индексы таблицы `settings`
--
ALTER TABLE `settings`
  ADD PRIMARY KEY (`id`),
  ADD UNIQUE KEY `settings_key_cd_unique` (`key_cd`);

--
-- Индексы таблицы `users`
--
ALTER TABLE `users`
  ADD PRIMARY KEY (`id`);

--
-- AUTO_INCREMENT для сохранённых таблиц
--

--
-- AUTO_INCREMENT для таблицы `catalog`
--
ALTER TABLE `catalog`
  MODIFY `id` int(10) UNSIGNED NOT NULL AUTO_INCREMENT, AUTO_INCREMENT=58;

--
-- AUTO_INCREMENT для таблицы `links`
--
ALTER TABLE `links`
  MODIFY `id` int(10) UNSIGNED NOT NULL AUTO_INCREMENT, AUTO_INCREMENT=227;

--
-- AUTO_INCREMENT для таблицы `migrations`
--
ALTER TABLE `migrations`
  MODIFY `id` int(10) UNSIGNED NOT NULL AUTO_INCREMENT, AUTO_INCREMENT=10;

--
-- AUTO_INCREMENT для таблицы `permissions`
--
ALTER TABLE `permissions`
  MODIFY `id` int(10) UNSIGNED NOT NULL AUTO_INCREMENT, AUTO_INCREMENT=9;

--
-- AUTO_INCREMENT для таблицы `roles`
--
ALTER TABLE `roles`
  MODIFY `id` int(10) UNSIGNED NOT NULL AUTO_INCREMENT, AUTO_INCREMENT=3;

--
-- AUTO_INCREMENT для таблицы `settings`
--
ALTER TABLE `settings`
  MODIFY `id` int(10) UNSIGNED NOT NULL AUTO_INCREMENT, AUTO_INCREMENT=7;

--
-- AUTO_INCREMENT для таблицы `users`
--
ALTER TABLE `users`
  MODIFY `id` int(10) UNSIGNED NOT NULL AUTO_INCREMENT, AUTO_INCREMENT=4;
COMMIT;

/*!40101 SET CHARACTER_SET_CLIENT=@OLD_CHARACTER_SET_CLIENT */;
/*!40101 SET CHARACTER_SET_RESULTS=@OLD_CHARACTER_SET_RESULTS */;
/*!40101 SET COLLATION_CONNECTION=@OLD_COLLATION_CONNECTION */;
